id,text_id,text_par_index,first_token_index,last_token_index
0,(aden); part 000,0,0,13290
1,(articleswiki); part 000,0,0,10628
2,(bossuetdiscours); part 000,0,0,11742
3,(bouvardetpecuchet); part 000,0,0,12241
4,(capitainefracasse); part 000,0,0,11817
5,(chartes-hain13); part 000,0,0,10554
6,(chateaubriandgenie); part 000,0,0,11977
7,(codecivildesfrancais-1); part 000,0,0,12943
8,(codecivildesfrancais-2); part 000,0,0,14431
9,(codeprocedurepenale); part 000,0,0,12509
10,(coeffeteauhistoire); part 000,0,0,11450
11,(commynes); part 000,0,0,11268
12,(conventioninstituniv); part 000,0,0,5384
13,(conventionmilieumarin); part 000,0,0,12860
14,(conventionthontropical); part 000,0,0,11173
15,(convtransportaerien); part 000,0,0,9402
16,(daudin); part 000,0,0,11593
17,(delavilleaumoulin); part 000,0,0,11945
18,(descartesdiscours); part 000,0,0,12676
19,(desperriersrecre); part 000,0,0,10730
20,(diableaucorps); part 000,0,0,14596
21,(diderotessais); part 000,0,0,10669
22,(doucelumiere); part 000,0,0,12268
23,(dubellaydeffense); part 000,0,0,11333
24,(elisabethseton); part 000,0,0,12990
25,(eneas); part 000,0,0,11647
26,(estrepublicain); part 000,0,0,12254
27,(estrepublicain-2); part 000,0,0,11605
28,(fables); part 000,0,0,10116
29,(jeanchristophe-1); part 000,0,0,10962
30,(jeanchristophe-2); part 000,0,0,10303
31,(jehandeparis); part 000,0,0,11915
32,(lafayettecleves); part 000,0,0,11598
33,(lerybresil); part 000,0,0,10527
34,(livredestroisvertus); part 000,0,0,11233
35,(madamedehautefort); part 000,0,0,11758
36,(mademoisellefifi-1); part 000,0,0,10893
37,(mademoisellefifi-2); part 000,0,0,9812
38,(mademoisellefifi-3); part 000,0,0,11624
39,(montesquieulois); part 000,0,0,11278
40,(moree); part 000,0,0,11042
41,(morteamoureuse); part 000,0,0,14270
42,(nemoville); part 000,0,0,12378
43,(pauletvirginie); part 000,0,0,10818
44,(pauline); part 000,0,0,12284
45,(perraultcontes-1); part 000,0,0,13992
46,(perraultcontes-2); part 000,0,0,11106
47,(rabelaispantagruel-v2); part 000,0,0,13421
48,(ramsaycyrus); part 000,0,0,11566
49,(regcrim1); part 000,0,0,11981
50,(roland); part 000,0,0,13059
51,(rosaliedeconstant); part 000,0,0,12688
52,(sarrasine); part 000,0,0,15346
53,(sbath1); part 000,0,0,11175
54,(serresagriculture); part 000,0,0,13583
55,(servitudevolontaire); part 000,0,0,15205
56,(ventredeparis); part 000,0,0,12501
57,(voltaireessai); part 000,0,0,12442
