id,text_id,text_par_index,first_token_index,last_token_index
0,(bc/msnbc/00/msnbc_0004); part 000,0,0,153
1,(bc/msnbc/00/msnbc_0004); part 001,0,0,522
2,(bc/msnbc/00/msnbc_0004); part 002,0,0,287
3,(bc/msnbc/00/msnbc_0004); part 003,0,0,275
4,(bc/msnbc/00/msnbc_0004); part 004,0,0,410
5,(bc/msnbc/00/msnbc_0004); part 005,0,0,195
6,(bc/msnbc/00/msnbc_0004); part 006,0,0,63
7,(bc/msnbc/00/msnbc_0004); part 007,0,0,314
8,(bc/msnbc/00/msnbc_0004); part 008,0,0,418
9,(bc/msnbc/00/msnbc_0004); part 009,0,0,410
10,(bc/msnbc/00/msnbc_0004); part 010,0,0,43
11,(bc/msnbc/00/msnbc_0004); part 011,0,0,798
12,(bc/msnbc/00/msnbc_0004); part 012,0,0,33
13,(bc/msnbc/00/msnbc_0004); part 013,0,0,209
14,(bc/msnbc/00/msnbc_0004); part 014,0,0,444
15,(bc/msnbc/00/msnbc_0004); part 015,0,0,527
16,(bc/msnbc/00/msnbc_0004); part 016,0,0,767
17,(bc/msnbc/00/msnbc_0004); part 017,0,0,262
18,(bc/msnbc/00/msnbc_0004); part 018,0,0,474
19,(bc/msnbc/00/msnbc_0004); part 019,0,0,406
20,(bc/msnbc/00/msnbc_0004); part 020,0,0,663
21,(bc/msnbc/00/msnbc_0004); part 021,0,0,764
22,(bc/msnbc/00/msnbc_0004); part 022,0,0,513
23,(bc/phoenix/00/phoenix_0002); part 000,0,0,681
24,(bc/phoenix/00/phoenix_0002); part 001,0,0,439
25,(bc/phoenix/00/phoenix_0002); part 002,0,0,1007
26,(bc/phoenix/00/phoenix_0002); part 003,0,0,372
27,(bc/phoenix/00/phoenix_0002); part 004,0,0,869
28,(bc/phoenix/00/phoenix_0002); part 005,0,0,746
29,(bc/phoenix/00/phoenix_0002); part 006,0,0,812
30,(bn/cnn/01/cnn_0122); part 000,0,0,73
31,(bn/cnn/03/cnn_0324); part 000,0,0,852
32,(mz/sinorama/10/ectb_1072); part 000,0,0,219
33,(mz/sinorama/10/ectb_1072); part 001,0,0,320
34,(mz/sinorama/10/ectb_1072); part 002,0,0,405
35,(mz/sinorama/10/ectb_1072); part 003,0,0,536
36,(mz/sinorama/10/ectb_1074); part 000,0,0,270
37,(mz/sinorama/10/ectb_1074); part 001,0,0,509
38,(mz/sinorama/10/ectb_1074); part 002,0,0,522
39,(nw/wsj/10/wsj_1024); part 000,0,0,159
40,(nw/xinhua/01/chtb_0192); part 000,0,0,195
41,(wb/eng/00/eng_0012); part 000,0,0,1058
42,(wb/eng/00/eng_0012); part 001,0,0,992
43,(wb/eng/00/eng_0012); part 002,0,0,967
44,(wb/eng/00/eng_0012); part 003,0,0,693
45,(wb/eng/00/eng_0014); part 000,0,0,1038
46,(wb/eng/00/eng_0014); part 001,0,0,1012
47,(wb/eng/00/eng_0014); part 002,0,0,1048
48,(wb/eng/00/eng_0014); part 003,0,0,286
