id,text_id,par_id,text_par_index,text_sent_index,par_sent_index,first_token_index,last_token_index
0,(bc/msnbc/00/msnbc_0004); part 000,0,0,0,0,0,12
1,(bc/msnbc/00/msnbc_0004); part 000,0,0,1,1,13,21
2,(bc/msnbc/00/msnbc_0004); part 000,0,0,2,2,22,24
3,(bc/msnbc/00/msnbc_0004); part 000,0,0,3,3,25,32
4,(bc/msnbc/00/msnbc_0004); part 000,0,0,4,4,33,53
5,(bc/msnbc/00/msnbc_0004); part 000,0,0,5,5,54,81
6,(bc/msnbc/00/msnbc_0004); part 000,0,0,6,6,82,99
7,(bc/msnbc/00/msnbc_0004); part 000,0,0,7,7,100,115
8,(bc/msnbc/00/msnbc_0004); part 000,0,0,8,8,116,135
9,(bc/msnbc/00/msnbc_0004); part 000,0,0,9,9,136,150
10,(bc/msnbc/00/msnbc_0004); part 000,0,0,10,10,151,152
11,(bc/msnbc/00/msnbc_0004); part 001,1,0,0,0,0,3
12,(bc/msnbc/00/msnbc_0004); part 001,1,0,1,1,4,7
13,(bc/msnbc/00/msnbc_0004); part 001,1,0,2,2,8,32
14,(bc/msnbc/00/msnbc_0004); part 001,1,0,3,3,33,37
15,(bc/msnbc/00/msnbc_0004); part 001,1,0,4,4,38,54
16,(bc/msnbc/00/msnbc_0004); part 001,1,0,5,5,55,60
17,(bc/msnbc/00/msnbc_0004); part 001,1,0,6,6,61,83
18,(bc/msnbc/00/msnbc_0004); part 001,1,0,7,7,84,92
19,(bc/msnbc/00/msnbc_0004); part 001,1,0,8,8,93,102
20,(bc/msnbc/00/msnbc_0004); part 001,1,0,9,9,103,114
21,(bc/msnbc/00/msnbc_0004); part 001,1,0,10,10,115,127
22,(bc/msnbc/00/msnbc_0004); part 001,1,0,11,11,128,132
23,(bc/msnbc/00/msnbc_0004); part 001,1,0,12,12,133,140
24,(bc/msnbc/00/msnbc_0004); part 001,1,0,13,13,141,145
25,(bc/msnbc/00/msnbc_0004); part 001,1,0,14,14,146,166
26,(bc/msnbc/00/msnbc_0004); part 001,1,0,15,15,167,181
27,(bc/msnbc/00/msnbc_0004); part 001,1,0,16,16,182,187
28,(bc/msnbc/00/msnbc_0004); part 001,1,0,17,17,188,220
29,(bc/msnbc/00/msnbc_0004); part 001,1,0,18,18,221,232
30,(bc/msnbc/00/msnbc_0004); part 001,1,0,19,19,233,236
31,(bc/msnbc/00/msnbc_0004); part 001,1,0,20,20,237,260
32,(bc/msnbc/00/msnbc_0004); part 001,1,0,21,21,261,275
33,(bc/msnbc/00/msnbc_0004); part 001,1,0,22,22,276,282
34,(bc/msnbc/00/msnbc_0004); part 001,1,0,23,23,283,295
35,(bc/msnbc/00/msnbc_0004); part 001,1,0,24,24,296,303
36,(bc/msnbc/00/msnbc_0004); part 001,1,0,25,25,304,316
37,(bc/msnbc/00/msnbc_0004); part 001,1,0,26,26,317,344
38,(bc/msnbc/00/msnbc_0004); part 001,1,0,27,27,345,356
39,(bc/msnbc/00/msnbc_0004); part 001,1,0,28,28,357,364
40,(bc/msnbc/00/msnbc_0004); part 001,1,0,29,29,365,389
41,(bc/msnbc/00/msnbc_0004); part 001,1,0,30,30,390,409
42,(bc/msnbc/00/msnbc_0004); part 001,1,0,31,31,410,422
43,(bc/msnbc/00/msnbc_0004); part 001,1,0,32,32,423,440
44,(bc/msnbc/00/msnbc_0004); part 001,1,0,33,33,441,463
45,(bc/msnbc/00/msnbc_0004); part 001,1,0,34,34,464,490
46,(bc/msnbc/00/msnbc_0004); part 001,1,0,35,35,491,512
47,(bc/msnbc/00/msnbc_0004); part 001,1,0,36,36,513,521
48,(bc/msnbc/00/msnbc_0004); part 002,2,0,0,0,0,17
49,(bc/msnbc/00/msnbc_0004); part 002,2,0,1,1,18,31
50,(bc/msnbc/00/msnbc_0004); part 002,2,0,2,2,32,36
51,(bc/msnbc/00/msnbc_0004); part 002,2,0,3,3,37,58
52,(bc/msnbc/00/msnbc_0004); part 002,2,0,4,4,59,69
53,(bc/msnbc/00/msnbc_0004); part 002,2,0,5,5,70,83
54,(bc/msnbc/00/msnbc_0004); part 002,2,0,6,6,84,89
55,(bc/msnbc/00/msnbc_0004); part 002,2,0,7,7,90,94
56,(bc/msnbc/00/msnbc_0004); part 002,2,0,8,8,95,103
57,(bc/msnbc/00/msnbc_0004); part 002,2,0,9,9,104,112
58,(bc/msnbc/00/msnbc_0004); part 002,2,0,10,10,113,118
59,(bc/msnbc/00/msnbc_0004); part 002,2,0,11,11,119,128
60,(bc/msnbc/00/msnbc_0004); part 002,2,0,12,12,129,130
61,(bc/msnbc/00/msnbc_0004); part 002,2,0,13,13,131,139
62,(bc/msnbc/00/msnbc_0004); part 002,2,0,14,14,140,153
63,(bc/msnbc/00/msnbc_0004); part 002,2,0,15,15,154,159
64,(bc/msnbc/00/msnbc_0004); part 002,2,0,16,16,160,166
65,(bc/msnbc/00/msnbc_0004); part 002,2,0,17,17,167,175
66,(bc/msnbc/00/msnbc_0004); part 002,2,0,18,18,176,198
67,(bc/msnbc/00/msnbc_0004); part 002,2,0,19,19,199,206
68,(bc/msnbc/00/msnbc_0004); part 002,2,0,20,20,207,267
69,(bc/msnbc/00/msnbc_0004); part 002,2,0,21,21,268,286
70,(bc/msnbc/00/msnbc_0004); part 003,3,0,0,0,0,15
71,(bc/msnbc/00/msnbc_0004); part 003,3,0,1,1,16,26
72,(bc/msnbc/00/msnbc_0004); part 003,3,0,2,2,27,31
73,(bc/msnbc/00/msnbc_0004); part 003,3,0,3,3,32,61
74,(bc/msnbc/00/msnbc_0004); part 003,3,0,4,4,62,75
75,(bc/msnbc/00/msnbc_0004); part 003,3,0,5,5,76,82
76,(bc/msnbc/00/msnbc_0004); part 003,3,0,6,6,83,96
77,(bc/msnbc/00/msnbc_0004); part 003,3,0,7,7,97,126
78,(bc/msnbc/00/msnbc_0004); part 003,3,0,8,8,127,148
79,(bc/msnbc/00/msnbc_0004); part 003,3,0,9,9,149,155
80,(bc/msnbc/00/msnbc_0004); part 003,3,0,10,10,156,167
81,(bc/msnbc/00/msnbc_0004); part 003,3,0,11,11,168,185
82,(bc/msnbc/00/msnbc_0004); part 003,3,0,12,12,186,194
83,(bc/msnbc/00/msnbc_0004); part 003,3,0,13,13,195,206
84,(bc/msnbc/00/msnbc_0004); part 003,3,0,14,14,207,241
85,(bc/msnbc/00/msnbc_0004); part 003,3,0,15,15,242,249
86,(bc/msnbc/00/msnbc_0004); part 003,3,0,16,16,250,256
87,(bc/msnbc/00/msnbc_0004); part 003,3,0,17,17,257,266
88,(bc/msnbc/00/msnbc_0004); part 003,3,0,18,18,267,274
89,(bc/msnbc/00/msnbc_0004); part 004,4,0,0,0,0,15
90,(bc/msnbc/00/msnbc_0004); part 004,4,0,1,1,16,21
91,(bc/msnbc/00/msnbc_0004); part 004,4,0,2,2,22,27
92,(bc/msnbc/00/msnbc_0004); part 004,4,0,3,3,28,57
93,(bc/msnbc/00/msnbc_0004); part 004,4,0,4,4,58,76
94,(bc/msnbc/00/msnbc_0004); part 004,4,0,5,5,77,102
95,(bc/msnbc/00/msnbc_0004); part 004,4,0,6,6,103,147
96,(bc/msnbc/00/msnbc_0004); part 004,4,0,7,7,148,173
97,(bc/msnbc/00/msnbc_0004); part 004,4,0,8,8,174,182
98,(bc/msnbc/00/msnbc_0004); part 004,4,0,9,9,183,188
99,(bc/msnbc/00/msnbc_0004); part 004,4,0,10,10,189,204
100,(bc/msnbc/00/msnbc_0004); part 004,4,0,11,11,205,229
101,(bc/msnbc/00/msnbc_0004); part 004,4,0,12,12,230,234
102,(bc/msnbc/00/msnbc_0004); part 004,4,0,13,13,235,271
103,(bc/msnbc/00/msnbc_0004); part 004,4,0,14,14,272,296
104,(bc/msnbc/00/msnbc_0004); part 004,4,0,15,15,297,309
105,(bc/msnbc/00/msnbc_0004); part 004,4,0,16,16,310,318
106,(bc/msnbc/00/msnbc_0004); part 004,4,0,17,17,319,332
107,(bc/msnbc/00/msnbc_0004); part 004,4,0,18,18,333,353
108,(bc/msnbc/00/msnbc_0004); part 004,4,0,19,19,354,371
109,(bc/msnbc/00/msnbc_0004); part 004,4,0,20,20,372,392
110,(bc/msnbc/00/msnbc_0004); part 004,4,0,21,21,393,407
111,(bc/msnbc/00/msnbc_0004); part 004,4,0,22,22,408,409
112,(bc/msnbc/00/msnbc_0004); part 005,5,0,0,0,0,18
113,(bc/msnbc/00/msnbc_0004); part 005,5,0,1,1,19,34
114,(bc/msnbc/00/msnbc_0004); part 005,5,0,2,2,35,39
115,(bc/msnbc/00/msnbc_0004); part 005,5,0,3,3,40,45
116,(bc/msnbc/00/msnbc_0004); part 005,5,0,4,4,46,59
117,(bc/msnbc/00/msnbc_0004); part 005,5,0,5,5,60,83
118,(bc/msnbc/00/msnbc_0004); part 005,5,0,6,6,84,113
119,(bc/msnbc/00/msnbc_0004); part 005,5,0,7,7,114,117
120,(bc/msnbc/00/msnbc_0004); part 005,5,0,8,8,118,132
121,(bc/msnbc/00/msnbc_0004); part 005,5,0,9,9,133,142
122,(bc/msnbc/00/msnbc_0004); part 005,5,0,10,10,143,154
123,(bc/msnbc/00/msnbc_0004); part 005,5,0,11,11,155,167
124,(bc/msnbc/00/msnbc_0004); part 005,5,0,12,12,168,175
125,(bc/msnbc/00/msnbc_0004); part 005,5,0,13,13,176,194
126,(bc/msnbc/00/msnbc_0004); part 006,6,0,0,0,0,16
127,(bc/msnbc/00/msnbc_0004); part 006,6,0,1,1,17,31
128,(bc/msnbc/00/msnbc_0004); part 006,6,0,2,2,32,47
129,(bc/msnbc/00/msnbc_0004); part 006,6,0,3,3,48,55
130,(bc/msnbc/00/msnbc_0004); part 006,6,0,4,4,56,62
131,(bc/msnbc/00/msnbc_0004); part 007,7,0,0,0,0,4
132,(bc/msnbc/00/msnbc_0004); part 007,7,0,1,1,5,22
133,(bc/msnbc/00/msnbc_0004); part 007,7,0,2,2,23,58
134,(bc/msnbc/00/msnbc_0004); part 007,7,0,3,3,59,72
135,(bc/msnbc/00/msnbc_0004); part 007,7,0,4,4,73,78
136,(bc/msnbc/00/msnbc_0004); part 007,7,0,5,5,79,100
137,(bc/msnbc/00/msnbc_0004); part 007,7,0,6,6,101,127
138,(bc/msnbc/00/msnbc_0004); part 007,7,0,7,7,128,161
139,(bc/msnbc/00/msnbc_0004); part 007,7,0,8,8,162,172
140,(bc/msnbc/00/msnbc_0004); part 007,7,0,9,9,173,209
141,(bc/msnbc/00/msnbc_0004); part 007,7,0,10,10,210,227
142,(bc/msnbc/00/msnbc_0004); part 007,7,0,11,11,228,257
143,(bc/msnbc/00/msnbc_0004); part 007,7,0,12,12,258,276
144,(bc/msnbc/00/msnbc_0004); part 007,7,0,13,13,277,313
145,(bc/msnbc/00/msnbc_0004); part 008,8,0,0,0,0,7
146,(bc/msnbc/00/msnbc_0004); part 008,8,0,1,1,8,11
147,(bc/msnbc/00/msnbc_0004); part 008,8,0,2,2,12,43
148,(bc/msnbc/00/msnbc_0004); part 008,8,0,3,3,44,52
149,(bc/msnbc/00/msnbc_0004); part 008,8,0,4,4,53,77
150,(bc/msnbc/00/msnbc_0004); part 008,8,0,5,5,78,85
151,(bc/msnbc/00/msnbc_0004); part 008,8,0,6,6,86,96
152,(bc/msnbc/00/msnbc_0004); part 008,8,0,7,7,97,107
153,(bc/msnbc/00/msnbc_0004); part 008,8,0,8,8,108,120
154,(bc/msnbc/00/msnbc_0004); part 008,8,0,9,9,121,175
155,(bc/msnbc/00/msnbc_0004); part 008,8,0,10,10,176,189
156,(bc/msnbc/00/msnbc_0004); part 008,8,0,11,11,190,194
157,(bc/msnbc/00/msnbc_0004); part 008,8,0,12,12,195,202
158,(bc/msnbc/00/msnbc_0004); part 008,8,0,13,13,203,209
159,(bc/msnbc/00/msnbc_0004); part 008,8,0,14,14,210,232
160,(bc/msnbc/00/msnbc_0004); part 008,8,0,15,15,233,237
161,(bc/msnbc/00/msnbc_0004); part 008,8,0,16,16,238,242
162,(bc/msnbc/00/msnbc_0004); part 008,8,0,17,17,243,246
163,(bc/msnbc/00/msnbc_0004); part 008,8,0,18,18,247,277
164,(bc/msnbc/00/msnbc_0004); part 008,8,0,19,19,278,295
165,(bc/msnbc/00/msnbc_0004); part 008,8,0,20,20,296,303
166,(bc/msnbc/00/msnbc_0004); part 008,8,0,21,21,304,322
167,(bc/msnbc/00/msnbc_0004); part 008,8,0,22,22,323,330
168,(bc/msnbc/00/msnbc_0004); part 008,8,0,23,23,331,352
169,(bc/msnbc/00/msnbc_0004); part 008,8,0,24,24,353,360
170,(bc/msnbc/00/msnbc_0004); part 008,8,0,25,25,361,369
171,(bc/msnbc/00/msnbc_0004); part 008,8,0,26,26,370,401
172,(bc/msnbc/00/msnbc_0004); part 008,8,0,27,27,402,417
173,(bc/msnbc/00/msnbc_0004); part 009,9,0,0,0,0,10
174,(bc/msnbc/00/msnbc_0004); part 009,9,0,1,1,11,37
175,(bc/msnbc/00/msnbc_0004); part 009,9,0,2,2,38,49
176,(bc/msnbc/00/msnbc_0004); part 009,9,0,3,3,50,73
177,(bc/msnbc/00/msnbc_0004); part 009,9,0,4,4,74,82
178,(bc/msnbc/00/msnbc_0004); part 009,9,0,5,5,83,100
179,(bc/msnbc/00/msnbc_0004); part 009,9,0,6,6,101,131
180,(bc/msnbc/00/msnbc_0004); part 009,9,0,7,7,132,153
181,(bc/msnbc/00/msnbc_0004); part 009,9,0,8,8,154,182
182,(bc/msnbc/00/msnbc_0004); part 009,9,0,9,9,183,205
183,(bc/msnbc/00/msnbc_0004); part 009,9,0,10,10,206,232
184,(bc/msnbc/00/msnbc_0004); part 009,9,0,11,11,233,261
185,(bc/msnbc/00/msnbc_0004); part 009,9,0,12,12,262,268
186,(bc/msnbc/00/msnbc_0004); part 009,9,0,13,13,269,272
187,(bc/msnbc/00/msnbc_0004); part 009,9,0,14,14,273,278
188,(bc/msnbc/00/msnbc_0004); part 009,9,0,15,15,279,287
189,(bc/msnbc/00/msnbc_0004); part 009,9,0,16,16,288,305
190,(bc/msnbc/00/msnbc_0004); part 009,9,0,17,17,306,313
191,(bc/msnbc/00/msnbc_0004); part 009,9,0,18,18,314,323
192,(bc/msnbc/00/msnbc_0004); part 009,9,0,19,19,324,341
193,(bc/msnbc/00/msnbc_0004); part 009,9,0,20,20,342,366
194,(bc/msnbc/00/msnbc_0004); part 009,9,0,21,21,367,372
195,(bc/msnbc/00/msnbc_0004); part 009,9,0,22,22,373,387
196,(bc/msnbc/00/msnbc_0004); part 009,9,0,23,23,388,409
197,(bc/msnbc/00/msnbc_0004); part 010,10,0,0,0,0,6
198,(bc/msnbc/00/msnbc_0004); part 010,10,0,1,1,7,19
199,(bc/msnbc/00/msnbc_0004); part 010,10,0,2,2,20,35
200,(bc/msnbc/00/msnbc_0004); part 010,10,0,3,3,36,42
201,(bc/msnbc/00/msnbc_0004); part 011,11,0,0,0,0,4
202,(bc/msnbc/00/msnbc_0004); part 011,11,0,1,1,5,42
203,(bc/msnbc/00/msnbc_0004); part 011,11,0,2,2,43,66
204,(bc/msnbc/00/msnbc_0004); part 011,11,0,3,3,67,85
205,(bc/msnbc/00/msnbc_0004); part 011,11,0,4,4,86,97
206,(bc/msnbc/00/msnbc_0004); part 011,11,0,5,5,98,114
207,(bc/msnbc/00/msnbc_0004); part 011,11,0,6,6,115,122
208,(bc/msnbc/00/msnbc_0004); part 011,11,0,7,7,123,134
209,(bc/msnbc/00/msnbc_0004); part 011,11,0,8,8,135,143
210,(bc/msnbc/00/msnbc_0004); part 011,11,0,9,9,144,151
211,(bc/msnbc/00/msnbc_0004); part 011,11,0,10,10,152,161
212,(bc/msnbc/00/msnbc_0004); part 011,11,0,11,11,162,171
213,(bc/msnbc/00/msnbc_0004); part 011,11,0,12,12,172,175
214,(bc/msnbc/00/msnbc_0004); part 011,11,0,13,13,176,180
215,(bc/msnbc/00/msnbc_0004); part 011,11,0,14,14,181,188
216,(bc/msnbc/00/msnbc_0004); part 011,11,0,15,15,189,217
217,(bc/msnbc/00/msnbc_0004); part 011,11,0,16,16,218,232
218,(bc/msnbc/00/msnbc_0004); part 011,11,0,17,17,233,239
219,(bc/msnbc/00/msnbc_0004); part 011,11,0,18,18,240,255
220,(bc/msnbc/00/msnbc_0004); part 011,11,0,19,19,256,268
221,(bc/msnbc/00/msnbc_0004); part 011,11,0,20,20,269,273
222,(bc/msnbc/00/msnbc_0004); part 011,11,0,21,21,274,279
223,(bc/msnbc/00/msnbc_0004); part 011,11,0,22,22,280,301
224,(bc/msnbc/00/msnbc_0004); part 011,11,0,23,23,302,313
225,(bc/msnbc/00/msnbc_0004); part 011,11,0,24,24,314,332
226,(bc/msnbc/00/msnbc_0004); part 011,11,0,25,25,333,358
227,(bc/msnbc/00/msnbc_0004); part 011,11,0,26,26,359,368
228,(bc/msnbc/00/msnbc_0004); part 011,11,0,27,27,369,375
229,(bc/msnbc/00/msnbc_0004); part 011,11,0,28,28,376,388
230,(bc/msnbc/00/msnbc_0004); part 011,11,0,29,29,389,399
231,(bc/msnbc/00/msnbc_0004); part 011,11,0,30,30,400,419
232,(bc/msnbc/00/msnbc_0004); part 011,11,0,31,31,420,429
233,(bc/msnbc/00/msnbc_0004); part 011,11,0,32,32,430,436
234,(bc/msnbc/00/msnbc_0004); part 011,11,0,33,33,437,453
235,(bc/msnbc/00/msnbc_0004); part 011,11,0,34,34,454,475
236,(bc/msnbc/00/msnbc_0004); part 011,11,0,35,35,476,495
237,(bc/msnbc/00/msnbc_0004); part 011,11,0,36,36,496,509
238,(bc/msnbc/00/msnbc_0004); part 011,11,0,37,37,510,521
239,(bc/msnbc/00/msnbc_0004); part 011,11,0,38,38,522,536
240,(bc/msnbc/00/msnbc_0004); part 011,11,0,39,39,537,546
241,(bc/msnbc/00/msnbc_0004); part 011,11,0,40,40,547,561
242,(bc/msnbc/00/msnbc_0004); part 011,11,0,41,41,562,570
243,(bc/msnbc/00/msnbc_0004); part 011,11,0,42,42,571,587
244,(bc/msnbc/00/msnbc_0004); part 011,11,0,43,43,588,592
245,(bc/msnbc/00/msnbc_0004); part 011,11,0,44,44,593,604
246,(bc/msnbc/00/msnbc_0004); part 011,11,0,45,45,605,616
247,(bc/msnbc/00/msnbc_0004); part 011,11,0,46,46,617,630
248,(bc/msnbc/00/msnbc_0004); part 011,11,0,47,47,631,640
249,(bc/msnbc/00/msnbc_0004); part 011,11,0,48,48,641,656
250,(bc/msnbc/00/msnbc_0004); part 011,11,0,49,49,657,676
251,(bc/msnbc/00/msnbc_0004); part 011,11,0,50,50,677,684
252,(bc/msnbc/00/msnbc_0004); part 011,11,0,51,51,685,701
253,(bc/msnbc/00/msnbc_0004); part 011,11,0,52,52,702,711
254,(bc/msnbc/00/msnbc_0004); part 011,11,0,53,53,712,716
255,(bc/msnbc/00/msnbc_0004); part 011,11,0,54,54,717,724
256,(bc/msnbc/00/msnbc_0004); part 011,11,0,55,55,725,747
257,(bc/msnbc/00/msnbc_0004); part 011,11,0,56,56,748,785
258,(bc/msnbc/00/msnbc_0004); part 011,11,0,57,57,786,797
259,(bc/msnbc/00/msnbc_0004); part 012,12,0,0,0,0,18
260,(bc/msnbc/00/msnbc_0004); part 012,12,0,1,1,19,25
261,(bc/msnbc/00/msnbc_0004); part 012,12,0,2,2,26,32
262,(bc/msnbc/00/msnbc_0004); part 013,13,0,0,0,0,3
263,(bc/msnbc/00/msnbc_0004); part 013,13,0,1,1,4,8
264,(bc/msnbc/00/msnbc_0004); part 013,13,0,2,2,9,14
265,(bc/msnbc/00/msnbc_0004); part 013,13,0,3,3,15,32
266,(bc/msnbc/00/msnbc_0004); part 013,13,0,4,4,33,43
267,(bc/msnbc/00/msnbc_0004); part 013,13,0,5,5,44,57
268,(bc/msnbc/00/msnbc_0004); part 013,13,0,6,6,58,74
269,(bc/msnbc/00/msnbc_0004); part 013,13,0,7,7,75,92
270,(bc/msnbc/00/msnbc_0004); part 013,13,0,8,8,93,108
271,(bc/msnbc/00/msnbc_0004); part 013,13,0,9,9,109,134
272,(bc/msnbc/00/msnbc_0004); part 013,13,0,10,10,135,147
273,(bc/msnbc/00/msnbc_0004); part 013,13,0,11,11,148,173
274,(bc/msnbc/00/msnbc_0004); part 013,13,0,12,12,174,193
275,(bc/msnbc/00/msnbc_0004); part 013,13,0,13,13,194,198
276,(bc/msnbc/00/msnbc_0004); part 013,13,0,14,14,199,203
277,(bc/msnbc/00/msnbc_0004); part 013,13,0,15,15,204,208
278,(bc/msnbc/00/msnbc_0004); part 014,14,0,0,0,0,4
279,(bc/msnbc/00/msnbc_0004); part 014,14,0,1,1,5,29
280,(bc/msnbc/00/msnbc_0004); part 014,14,0,2,2,30,49
281,(bc/msnbc/00/msnbc_0004); part 014,14,0,3,3,50,55
282,(bc/msnbc/00/msnbc_0004); part 014,14,0,4,4,56,63
283,(bc/msnbc/00/msnbc_0004); part 014,14,0,5,5,64,72
284,(bc/msnbc/00/msnbc_0004); part 014,14,0,6,6,73,86
285,(bc/msnbc/00/msnbc_0004); part 014,14,0,7,7,87,100
286,(bc/msnbc/00/msnbc_0004); part 014,14,0,8,8,101,102
287,(bc/msnbc/00/msnbc_0004); part 014,14,0,9,9,103,109
288,(bc/msnbc/00/msnbc_0004); part 014,14,0,10,10,110,124
289,(bc/msnbc/00/msnbc_0004); part 014,14,0,11,11,125,159
290,(bc/msnbc/00/msnbc_0004); part 014,14,0,12,12,160,183
291,(bc/msnbc/00/msnbc_0004); part 014,14,0,13,13,184,198
292,(bc/msnbc/00/msnbc_0004); part 014,14,0,14,14,199,234
293,(bc/msnbc/00/msnbc_0004); part 014,14,0,15,15,235,240
294,(bc/msnbc/00/msnbc_0004); part 014,14,0,16,16,241,246
295,(bc/msnbc/00/msnbc_0004); part 014,14,0,17,17,247,278
296,(bc/msnbc/00/msnbc_0004); part 014,14,0,18,18,279,290
297,(bc/msnbc/00/msnbc_0004); part 014,14,0,19,19,291,300
298,(bc/msnbc/00/msnbc_0004); part 014,14,0,20,20,301,309
299,(bc/msnbc/00/msnbc_0004); part 014,14,0,21,21,310,333
300,(bc/msnbc/00/msnbc_0004); part 014,14,0,22,22,334,350
301,(bc/msnbc/00/msnbc_0004); part 014,14,0,23,23,351,360
302,(bc/msnbc/00/msnbc_0004); part 014,14,0,24,24,361,373
303,(bc/msnbc/00/msnbc_0004); part 014,14,0,25,25,374,383
304,(bc/msnbc/00/msnbc_0004); part 014,14,0,26,26,384,410
305,(bc/msnbc/00/msnbc_0004); part 014,14,0,27,27,411,418
306,(bc/msnbc/00/msnbc_0004); part 014,14,0,28,28,419,423
307,(bc/msnbc/00/msnbc_0004); part 014,14,0,29,29,424,443
308,(bc/msnbc/00/msnbc_0004); part 015,15,0,0,0,0,29
309,(bc/msnbc/00/msnbc_0004); part 015,15,0,1,1,30,38
310,(bc/msnbc/00/msnbc_0004); part 015,15,0,2,2,39,48
311,(bc/msnbc/00/msnbc_0004); part 015,15,0,3,3,49,67
312,(bc/msnbc/00/msnbc_0004); part 015,15,0,4,4,68,74
313,(bc/msnbc/00/msnbc_0004); part 015,15,0,5,5,75,92
314,(bc/msnbc/00/msnbc_0004); part 015,15,0,6,6,93,124
315,(bc/msnbc/00/msnbc_0004); part 015,15,0,7,7,125,149
316,(bc/msnbc/00/msnbc_0004); part 015,15,0,8,8,150,180
317,(bc/msnbc/00/msnbc_0004); part 015,15,0,9,9,181,194
318,(bc/msnbc/00/msnbc_0004); part 015,15,0,10,10,195,228
319,(bc/msnbc/00/msnbc_0004); part 015,15,0,11,11,229,240
320,(bc/msnbc/00/msnbc_0004); part 015,15,0,12,12,241,245
321,(bc/msnbc/00/msnbc_0004); part 015,15,0,13,13,246,269
322,(bc/msnbc/00/msnbc_0004); part 015,15,0,14,14,270,271
323,(bc/msnbc/00/msnbc_0004); part 015,15,0,15,15,272,314
324,(bc/msnbc/00/msnbc_0004); part 015,15,0,16,16,315,316
325,(bc/msnbc/00/msnbc_0004); part 015,15,0,17,17,317,330
326,(bc/msnbc/00/msnbc_0004); part 015,15,0,18,18,331,341
327,(bc/msnbc/00/msnbc_0004); part 015,15,0,19,19,342,351
328,(bc/msnbc/00/msnbc_0004); part 015,15,0,20,20,352,362
329,(bc/msnbc/00/msnbc_0004); part 015,15,0,21,21,363,389
330,(bc/msnbc/00/msnbc_0004); part 015,15,0,22,22,390,400
331,(bc/msnbc/00/msnbc_0004); part 015,15,0,23,23,401,421
332,(bc/msnbc/00/msnbc_0004); part 015,15,0,24,24,422,429
333,(bc/msnbc/00/msnbc_0004); part 015,15,0,25,25,430,437
334,(bc/msnbc/00/msnbc_0004); part 015,15,0,26,26,438,461
335,(bc/msnbc/00/msnbc_0004); part 015,15,0,27,27,462,472
336,(bc/msnbc/00/msnbc_0004); part 015,15,0,28,28,473,481
337,(bc/msnbc/00/msnbc_0004); part 015,15,0,29,29,482,497
338,(bc/msnbc/00/msnbc_0004); part 015,15,0,30,30,498,502
339,(bc/msnbc/00/msnbc_0004); part 015,15,0,31,31,503,513
340,(bc/msnbc/00/msnbc_0004); part 015,15,0,32,32,514,526
341,(bc/msnbc/00/msnbc_0004); part 016,16,0,0,0,0,31
342,(bc/msnbc/00/msnbc_0004); part 016,16,0,1,1,32,44
343,(bc/msnbc/00/msnbc_0004); part 016,16,0,2,2,45,57
344,(bc/msnbc/00/msnbc_0004); part 016,16,0,3,3,58,68
345,(bc/msnbc/00/msnbc_0004); part 016,16,0,4,4,69,99
346,(bc/msnbc/00/msnbc_0004); part 016,16,0,5,5,100,112
347,(bc/msnbc/00/msnbc_0004); part 016,16,0,6,6,113,124
348,(bc/msnbc/00/msnbc_0004); part 016,16,0,7,7,125,138
349,(bc/msnbc/00/msnbc_0004); part 016,16,0,8,8,139,154
350,(bc/msnbc/00/msnbc_0004); part 016,16,0,9,9,155,172
351,(bc/msnbc/00/msnbc_0004); part 016,16,0,10,10,173,187
352,(bc/msnbc/00/msnbc_0004); part 016,16,0,11,11,188,188
353,(bc/msnbc/00/msnbc_0004); part 016,16,0,12,12,189,192
354,(bc/msnbc/00/msnbc_0004); part 016,16,0,13,13,193,194
355,(bc/msnbc/00/msnbc_0004); part 016,16,0,14,14,195,203
356,(bc/msnbc/00/msnbc_0004); part 016,16,0,15,15,204,209
357,(bc/msnbc/00/msnbc_0004); part 016,16,0,16,16,210,220
358,(bc/msnbc/00/msnbc_0004); part 016,16,0,17,17,221,226
359,(bc/msnbc/00/msnbc_0004); part 016,16,0,18,18,227,241
360,(bc/msnbc/00/msnbc_0004); part 016,16,0,19,19,242,247
361,(bc/msnbc/00/msnbc_0004); part 016,16,0,20,20,248,253
362,(bc/msnbc/00/msnbc_0004); part 016,16,0,21,21,254,261
363,(bc/msnbc/00/msnbc_0004); part 016,16,0,22,22,262,268
364,(bc/msnbc/00/msnbc_0004); part 016,16,0,23,23,269,306
365,(bc/msnbc/00/msnbc_0004); part 016,16,0,24,24,307,360
366,(bc/msnbc/00/msnbc_0004); part 016,16,0,25,25,361,378
367,(bc/msnbc/00/msnbc_0004); part 016,16,0,26,26,379,383
368,(bc/msnbc/00/msnbc_0004); part 016,16,0,27,27,384,387
369,(bc/msnbc/00/msnbc_0004); part 016,16,0,28,28,388,399
370,(bc/msnbc/00/msnbc_0004); part 016,16,0,29,29,400,414
371,(bc/msnbc/00/msnbc_0004); part 016,16,0,30,30,415,428
372,(bc/msnbc/00/msnbc_0004); part 016,16,0,31,31,429,435
373,(bc/msnbc/00/msnbc_0004); part 016,16,0,32,32,436,443
374,(bc/msnbc/00/msnbc_0004); part 016,16,0,33,33,444,454
375,(bc/msnbc/00/msnbc_0004); part 016,16,0,34,34,455,481
376,(bc/msnbc/00/msnbc_0004); part 016,16,0,35,35,482,492
377,(bc/msnbc/00/msnbc_0004); part 016,16,0,36,36,493,497
378,(bc/msnbc/00/msnbc_0004); part 016,16,0,37,37,498,498
379,(bc/msnbc/00/msnbc_0004); part 016,16,0,38,38,499,506
380,(bc/msnbc/00/msnbc_0004); part 016,16,0,39,39,507,509
381,(bc/msnbc/00/msnbc_0004); part 016,16,0,40,40,510,525
382,(bc/msnbc/00/msnbc_0004); part 016,16,0,41,41,526,533
383,(bc/msnbc/00/msnbc_0004); part 016,16,0,42,42,534,546
384,(bc/msnbc/00/msnbc_0004); part 016,16,0,43,43,547,565
385,(bc/msnbc/00/msnbc_0004); part 016,16,0,44,44,566,582
386,(bc/msnbc/00/msnbc_0004); part 016,16,0,45,45,583,602
387,(bc/msnbc/00/msnbc_0004); part 016,16,0,46,46,603,612
388,(bc/msnbc/00/msnbc_0004); part 016,16,0,47,47,613,614
389,(bc/msnbc/00/msnbc_0004); part 016,16,0,48,48,615,627
390,(bc/msnbc/00/msnbc_0004); part 016,16,0,49,49,628,640
391,(bc/msnbc/00/msnbc_0004); part 016,16,0,50,50,641,651
392,(bc/msnbc/00/msnbc_0004); part 016,16,0,51,51,652,678
393,(bc/msnbc/00/msnbc_0004); part 016,16,0,52,52,679,680
394,(bc/msnbc/00/msnbc_0004); part 016,16,0,53,53,681,713
395,(bc/msnbc/00/msnbc_0004); part 016,16,0,54,54,714,741
396,(bc/msnbc/00/msnbc_0004); part 016,16,0,55,55,742,766
397,(bc/msnbc/00/msnbc_0004); part 017,17,0,0,0,0,19
398,(bc/msnbc/00/msnbc_0004); part 017,17,0,1,1,20,26
399,(bc/msnbc/00/msnbc_0004); part 017,17,0,2,2,27,44
400,(bc/msnbc/00/msnbc_0004); part 017,17,0,3,3,45,54
401,(bc/msnbc/00/msnbc_0004); part 017,17,0,4,4,55,66
402,(bc/msnbc/00/msnbc_0004); part 017,17,0,5,5,67,78
403,(bc/msnbc/00/msnbc_0004); part 017,17,0,6,6,79,101
404,(bc/msnbc/00/msnbc_0004); part 017,17,0,7,7,102,131
405,(bc/msnbc/00/msnbc_0004); part 017,17,0,8,8,132,133
406,(bc/msnbc/00/msnbc_0004); part 017,17,0,9,9,134,162
407,(bc/msnbc/00/msnbc_0004); part 017,17,0,10,10,163,190
408,(bc/msnbc/00/msnbc_0004); part 017,17,0,11,11,191,192
409,(bc/msnbc/00/msnbc_0004); part 017,17,0,12,12,193,202
410,(bc/msnbc/00/msnbc_0004); part 017,17,0,13,13,203,206
411,(bc/msnbc/00/msnbc_0004); part 017,17,0,14,14,207,215
412,(bc/msnbc/00/msnbc_0004); part 017,17,0,15,15,216,217
413,(bc/msnbc/00/msnbc_0004); part 017,17,0,16,16,218,228
414,(bc/msnbc/00/msnbc_0004); part 017,17,0,17,17,229,256
415,(bc/msnbc/00/msnbc_0004); part 017,17,0,18,18,257,261
416,(bc/msnbc/00/msnbc_0004); part 018,18,0,0,0,0,4
417,(bc/msnbc/00/msnbc_0004); part 018,18,0,1,1,5,23
418,(bc/msnbc/00/msnbc_0004); part 018,18,0,2,2,24,42
419,(bc/msnbc/00/msnbc_0004); part 018,18,0,3,3,43,59
420,(bc/msnbc/00/msnbc_0004); part 018,18,0,4,4,60,82
421,(bc/msnbc/00/msnbc_0004); part 018,18,0,5,5,83,91
422,(bc/msnbc/00/msnbc_0004); part 018,18,0,6,6,92,97
423,(bc/msnbc/00/msnbc_0004); part 018,18,0,7,7,98,111
424,(bc/msnbc/00/msnbc_0004); part 018,18,0,8,8,112,117
425,(bc/msnbc/00/msnbc_0004); part 018,18,0,9,9,118,121
426,(bc/msnbc/00/msnbc_0004); part 018,18,0,10,10,122,142
427,(bc/msnbc/00/msnbc_0004); part 018,18,0,11,11,143,158
428,(bc/msnbc/00/msnbc_0004); part 018,18,0,12,12,159,171
429,(bc/msnbc/00/msnbc_0004); part 018,18,0,13,13,172,205
430,(bc/msnbc/00/msnbc_0004); part 018,18,0,14,14,206,215
431,(bc/msnbc/00/msnbc_0004); part 018,18,0,15,15,216,221
432,(bc/msnbc/00/msnbc_0004); part 018,18,0,16,16,222,246
433,(bc/msnbc/00/msnbc_0004); part 018,18,0,17,17,247,251
434,(bc/msnbc/00/msnbc_0004); part 018,18,0,18,18,252,260
435,(bc/msnbc/00/msnbc_0004); part 018,18,0,19,19,261,265
436,(bc/msnbc/00/msnbc_0004); part 018,18,0,20,20,266,279
437,(bc/msnbc/00/msnbc_0004); part 018,18,0,21,21,280,305
438,(bc/msnbc/00/msnbc_0004); part 018,18,0,22,22,306,311
439,(bc/msnbc/00/msnbc_0004); part 018,18,0,23,23,312,341
440,(bc/msnbc/00/msnbc_0004); part 018,18,0,24,24,342,350
441,(bc/msnbc/00/msnbc_0004); part 018,18,0,25,25,351,360
442,(bc/msnbc/00/msnbc_0004); part 018,18,0,26,26,361,401
443,(bc/msnbc/00/msnbc_0004); part 018,18,0,27,27,402,411
444,(bc/msnbc/00/msnbc_0004); part 018,18,0,28,28,412,444
445,(bc/msnbc/00/msnbc_0004); part 018,18,0,29,29,445,460
446,(bc/msnbc/00/msnbc_0004); part 018,18,0,30,30,461,465
447,(bc/msnbc/00/msnbc_0004); part 018,18,0,31,31,466,473
448,(bc/msnbc/00/msnbc_0004); part 019,19,0,0,0,0,10
449,(bc/msnbc/00/msnbc_0004); part 019,19,0,1,1,11,12
450,(bc/msnbc/00/msnbc_0004); part 019,19,0,2,2,13,28
451,(bc/msnbc/00/msnbc_0004); part 019,19,0,3,3,29,30
452,(bc/msnbc/00/msnbc_0004); part 019,19,0,4,4,31,48
453,(bc/msnbc/00/msnbc_0004); part 019,19,0,5,5,49,78
454,(bc/msnbc/00/msnbc_0004); part 019,19,0,6,6,79,93
455,(bc/msnbc/00/msnbc_0004); part 019,19,0,7,7,94,96
456,(bc/msnbc/00/msnbc_0004); part 019,19,0,8,8,97,102
457,(bc/msnbc/00/msnbc_0004); part 019,19,0,9,9,103,108
458,(bc/msnbc/00/msnbc_0004); part 019,19,0,10,10,109,117
459,(bc/msnbc/00/msnbc_0004); part 019,19,0,11,11,118,120
460,(bc/msnbc/00/msnbc_0004); part 019,19,0,12,12,121,133
461,(bc/msnbc/00/msnbc_0004); part 019,19,0,13,13,134,140
462,(bc/msnbc/00/msnbc_0004); part 019,19,0,14,14,141,151
463,(bc/msnbc/00/msnbc_0004); part 019,19,0,15,15,152,161
464,(bc/msnbc/00/msnbc_0004); part 019,19,0,16,16,162,174
465,(bc/msnbc/00/msnbc_0004); part 019,19,0,17,17,175,209
466,(bc/msnbc/00/msnbc_0004); part 019,19,0,18,18,210,234
467,(bc/msnbc/00/msnbc_0004); part 019,19,0,19,19,235,236
468,(bc/msnbc/00/msnbc_0004); part 019,19,0,20,20,237,245
469,(bc/msnbc/00/msnbc_0004); part 019,19,0,21,21,246,246
470,(bc/msnbc/00/msnbc_0004); part 019,19,0,22,22,247,255
471,(bc/msnbc/00/msnbc_0004); part 019,19,0,23,23,256,261
472,(bc/msnbc/00/msnbc_0004); part 019,19,0,24,24,262,267
473,(bc/msnbc/00/msnbc_0004); part 019,19,0,25,25,268,270
474,(bc/msnbc/00/msnbc_0004); part 019,19,0,26,26,271,278
475,(bc/msnbc/00/msnbc_0004); part 019,19,0,27,27,279,280
476,(bc/msnbc/00/msnbc_0004); part 019,19,0,28,28,281,295
477,(bc/msnbc/00/msnbc_0004); part 019,19,0,29,29,296,301
478,(bc/msnbc/00/msnbc_0004); part 019,19,0,30,30,302,331
479,(bc/msnbc/00/msnbc_0004); part 019,19,0,31,31,332,347
480,(bc/msnbc/00/msnbc_0004); part 019,19,0,32,32,348,348
481,(bc/msnbc/00/msnbc_0004); part 019,19,0,33,33,349,363
482,(bc/msnbc/00/msnbc_0004); part 019,19,0,34,34,364,394
483,(bc/msnbc/00/msnbc_0004); part 019,19,0,35,35,395,405
484,(bc/msnbc/00/msnbc_0004); part 020,20,0,0,0,0,4
485,(bc/msnbc/00/msnbc_0004); part 020,20,0,1,1,5,11
486,(bc/msnbc/00/msnbc_0004); part 020,20,0,2,2,12,17
487,(bc/msnbc/00/msnbc_0004); part 020,20,0,3,3,18,39
488,(bc/msnbc/00/msnbc_0004); part 020,20,0,4,4,40,47
489,(bc/msnbc/00/msnbc_0004); part 020,20,0,5,5,48,56
490,(bc/msnbc/00/msnbc_0004); part 020,20,0,6,6,57,62
491,(bc/msnbc/00/msnbc_0004); part 020,20,0,7,7,63,74
492,(bc/msnbc/00/msnbc_0004); part 020,20,0,8,8,75,79
493,(bc/msnbc/00/msnbc_0004); part 020,20,0,9,9,80,102
494,(bc/msnbc/00/msnbc_0004); part 020,20,0,10,10,103,111
495,(bc/msnbc/00/msnbc_0004); part 020,20,0,11,11,112,118
496,(bc/msnbc/00/msnbc_0004); part 020,20,0,12,12,119,124
497,(bc/msnbc/00/msnbc_0004); part 020,20,0,13,13,125,131
498,(bc/msnbc/00/msnbc_0004); part 020,20,0,14,14,132,143
499,(bc/msnbc/00/msnbc_0004); part 020,20,0,15,15,144,150
500,(bc/msnbc/00/msnbc_0004); part 020,20,0,16,16,151,157
501,(bc/msnbc/00/msnbc_0004); part 020,20,0,17,17,158,170
502,(bc/msnbc/00/msnbc_0004); part 020,20,0,18,18,171,174
503,(bc/msnbc/00/msnbc_0004); part 020,20,0,19,19,175,179
504,(bc/msnbc/00/msnbc_0004); part 020,20,0,20,20,180,187
505,(bc/msnbc/00/msnbc_0004); part 020,20,0,21,21,188,188
506,(bc/msnbc/00/msnbc_0004); part 020,20,0,22,22,189,195
507,(bc/msnbc/00/msnbc_0004); part 020,20,0,23,23,196,197
508,(bc/msnbc/00/msnbc_0004); part 020,20,0,24,24,198,211
509,(bc/msnbc/00/msnbc_0004); part 020,20,0,25,25,212,219
510,(bc/msnbc/00/msnbc_0004); part 020,20,0,26,26,220,226
511,(bc/msnbc/00/msnbc_0004); part 020,20,0,27,27,227,231
512,(bc/msnbc/00/msnbc_0004); part 020,20,0,28,28,232,232
513,(bc/msnbc/00/msnbc_0004); part 020,20,0,29,29,233,243
514,(bc/msnbc/00/msnbc_0004); part 020,20,0,30,30,244,285
515,(bc/msnbc/00/msnbc_0004); part 020,20,0,31,31,286,293
516,(bc/msnbc/00/msnbc_0004); part 020,20,0,32,32,294,300
517,(bc/msnbc/00/msnbc_0004); part 020,20,0,33,33,301,308
518,(bc/msnbc/00/msnbc_0004); part 020,20,0,34,34,309,318
519,(bc/msnbc/00/msnbc_0004); part 020,20,0,35,35,319,325
520,(bc/msnbc/00/msnbc_0004); part 020,20,0,36,36,326,326
521,(bc/msnbc/00/msnbc_0004); part 020,20,0,37,37,327,366
522,(bc/msnbc/00/msnbc_0004); part 020,20,0,38,38,367,404
523,(bc/msnbc/00/msnbc_0004); part 020,20,0,39,39,405,411
524,(bc/msnbc/00/msnbc_0004); part 020,20,0,40,40,412,416
525,(bc/msnbc/00/msnbc_0004); part 020,20,0,41,41,417,423
526,(bc/msnbc/00/msnbc_0004); part 020,20,0,42,42,424,432
527,(bc/msnbc/00/msnbc_0004); part 020,20,0,43,43,433,445
528,(bc/msnbc/00/msnbc_0004); part 020,20,0,44,44,446,457
529,(bc/msnbc/00/msnbc_0004); part 020,20,0,45,45,458,464
530,(bc/msnbc/00/msnbc_0004); part 020,20,0,46,46,465,469
531,(bc/msnbc/00/msnbc_0004); part 020,20,0,47,47,470,474
532,(bc/msnbc/00/msnbc_0004); part 020,20,0,48,48,475,494
533,(bc/msnbc/00/msnbc_0004); part 020,20,0,49,49,495,512
534,(bc/msnbc/00/msnbc_0004); part 020,20,0,50,50,513,520
535,(bc/msnbc/00/msnbc_0004); part 020,20,0,51,51,521,550
536,(bc/msnbc/00/msnbc_0004); part 020,20,0,52,52,551,559
537,(bc/msnbc/00/msnbc_0004); part 020,20,0,53,53,560,577
538,(bc/msnbc/00/msnbc_0004); part 020,20,0,54,54,578,598
539,(bc/msnbc/00/msnbc_0004); part 020,20,0,55,55,599,619
540,(bc/msnbc/00/msnbc_0004); part 020,20,0,56,56,620,631
541,(bc/msnbc/00/msnbc_0004); part 020,20,0,57,57,632,641
542,(bc/msnbc/00/msnbc_0004); part 020,20,0,58,58,642,650
543,(bc/msnbc/00/msnbc_0004); part 020,20,0,59,59,651,662
544,(bc/msnbc/00/msnbc_0004); part 021,21,0,0,0,0,17
545,(bc/msnbc/00/msnbc_0004); part 021,21,0,1,1,18,26
546,(bc/msnbc/00/msnbc_0004); part 021,21,0,2,2,27,38
547,(bc/msnbc/00/msnbc_0004); part 021,21,0,3,3,39,42
548,(bc/msnbc/00/msnbc_0004); part 021,21,0,4,4,43,61
549,(bc/msnbc/00/msnbc_0004); part 021,21,0,5,5,62,70
550,(bc/msnbc/00/msnbc_0004); part 021,21,0,6,6,71,77
551,(bc/msnbc/00/msnbc_0004); part 021,21,0,7,7,78,92
552,(bc/msnbc/00/msnbc_0004); part 021,21,0,8,8,93,100
553,(bc/msnbc/00/msnbc_0004); part 021,21,0,9,9,101,105
554,(bc/msnbc/00/msnbc_0004); part 021,21,0,10,10,106,115
555,(bc/msnbc/00/msnbc_0004); part 021,21,0,11,11,116,120
556,(bc/msnbc/00/msnbc_0004); part 021,21,0,12,12,121,134
557,(bc/msnbc/00/msnbc_0004); part 021,21,0,13,13,135,188
558,(bc/msnbc/00/msnbc_0004); part 021,21,0,14,14,189,202
559,(bc/msnbc/00/msnbc_0004); part 021,21,0,15,15,203,203
560,(bc/msnbc/00/msnbc_0004); part 021,21,0,16,16,204,210
561,(bc/msnbc/00/msnbc_0004); part 021,21,0,17,17,211,211
562,(bc/msnbc/00/msnbc_0004); part 021,21,0,18,18,212,234
563,(bc/msnbc/00/msnbc_0004); part 021,21,0,19,19,235,243
564,(bc/msnbc/00/msnbc_0004); part 021,21,0,20,20,244,245
565,(bc/msnbc/00/msnbc_0004); part 021,21,0,21,21,246,250
566,(bc/msnbc/00/msnbc_0004); part 021,21,0,22,22,251,251
567,(bc/msnbc/00/msnbc_0004); part 021,21,0,23,23,252,268
568,(bc/msnbc/00/msnbc_0004); part 021,21,0,24,24,269,280
569,(bc/msnbc/00/msnbc_0004); part 021,21,0,25,25,281,329
570,(bc/msnbc/00/msnbc_0004); part 021,21,0,26,26,330,332
571,(bc/msnbc/00/msnbc_0004); part 021,21,0,27,27,333,342
572,(bc/msnbc/00/msnbc_0004); part 021,21,0,28,28,343,362
573,(bc/msnbc/00/msnbc_0004); part 021,21,0,29,29,363,373
574,(bc/msnbc/00/msnbc_0004); part 021,21,0,30,30,374,408
575,(bc/msnbc/00/msnbc_0004); part 021,21,0,31,31,409,410
576,(bc/msnbc/00/msnbc_0004); part 021,21,0,32,32,411,426
577,(bc/msnbc/00/msnbc_0004); part 021,21,0,33,33,427,438
578,(bc/msnbc/00/msnbc_0004); part 021,21,0,34,34,439,450
579,(bc/msnbc/00/msnbc_0004); part 021,21,0,35,35,451,455
580,(bc/msnbc/00/msnbc_0004); part 021,21,0,36,36,456,466
581,(bc/msnbc/00/msnbc_0004); part 021,21,0,37,37,467,478
582,(bc/msnbc/00/msnbc_0004); part 021,21,0,38,38,479,491
583,(bc/msnbc/00/msnbc_0004); part 021,21,0,39,39,492,502
584,(bc/msnbc/00/msnbc_0004); part 021,21,0,40,40,503,524
585,(bc/msnbc/00/msnbc_0004); part 021,21,0,41,41,525,526
586,(bc/msnbc/00/msnbc_0004); part 021,21,0,42,42,527,566
587,(bc/msnbc/00/msnbc_0004); part 021,21,0,43,43,567,575
588,(bc/msnbc/00/msnbc_0004); part 021,21,0,44,44,576,581
589,(bc/msnbc/00/msnbc_0004); part 021,21,0,45,45,582,595
590,(bc/msnbc/00/msnbc_0004); part 021,21,0,46,46,596,603
591,(bc/msnbc/00/msnbc_0004); part 021,21,0,47,47,604,609
592,(bc/msnbc/00/msnbc_0004); part 021,21,0,48,48,610,611
593,(bc/msnbc/00/msnbc_0004); part 021,21,0,49,49,612,626
594,(bc/msnbc/00/msnbc_0004); part 021,21,0,50,50,627,636
595,(bc/msnbc/00/msnbc_0004); part 021,21,0,51,51,637,646
596,(bc/msnbc/00/msnbc_0004); part 021,21,0,52,52,647,672
597,(bc/msnbc/00/msnbc_0004); part 021,21,0,53,53,673,676
598,(bc/msnbc/00/msnbc_0004); part 021,21,0,54,54,677,681
599,(bc/msnbc/00/msnbc_0004); part 021,21,0,55,55,682,693
600,(bc/msnbc/00/msnbc_0004); part 021,21,0,56,56,694,701
601,(bc/msnbc/00/msnbc_0004); part 021,21,0,57,57,702,704
602,(bc/msnbc/00/msnbc_0004); part 021,21,0,58,58,705,709
603,(bc/msnbc/00/msnbc_0004); part 021,21,0,59,59,710,723
604,(bc/msnbc/00/msnbc_0004); part 021,21,0,60,60,724,732
605,(bc/msnbc/00/msnbc_0004); part 021,21,0,61,61,733,755
606,(bc/msnbc/00/msnbc_0004); part 021,21,0,62,62,756,763
607,(bc/msnbc/00/msnbc_0004); part 022,22,0,0,0,0,14
608,(bc/msnbc/00/msnbc_0004); part 022,22,0,1,1,15,34
609,(bc/msnbc/00/msnbc_0004); part 022,22,0,2,2,35,49
610,(bc/msnbc/00/msnbc_0004); part 022,22,0,3,3,50,50
611,(bc/msnbc/00/msnbc_0004); part 022,22,0,4,4,51,56
612,(bc/msnbc/00/msnbc_0004); part 022,22,0,5,5,57,63
613,(bc/msnbc/00/msnbc_0004); part 022,22,0,6,6,64,67
614,(bc/msnbc/00/msnbc_0004); part 022,22,0,7,7,68,70
615,(bc/msnbc/00/msnbc_0004); part 022,22,0,8,8,71,77
616,(bc/msnbc/00/msnbc_0004); part 022,22,0,9,9,78,86
617,(bc/msnbc/00/msnbc_0004); part 022,22,0,10,10,87,95
618,(bc/msnbc/00/msnbc_0004); part 022,22,0,11,11,96,99
619,(bc/msnbc/00/msnbc_0004); part 022,22,0,12,12,100,113
620,(bc/msnbc/00/msnbc_0004); part 022,22,0,13,13,114,126
621,(bc/msnbc/00/msnbc_0004); part 022,22,0,14,14,127,128
622,(bc/msnbc/00/msnbc_0004); part 022,22,0,15,15,129,149
623,(bc/msnbc/00/msnbc_0004); part 022,22,0,16,16,150,162
624,(bc/msnbc/00/msnbc_0004); part 022,22,0,17,17,163,212
625,(bc/msnbc/00/msnbc_0004); part 022,22,0,18,18,213,231
626,(bc/msnbc/00/msnbc_0004); part 022,22,0,19,19,232,241
627,(bc/msnbc/00/msnbc_0004); part 022,22,0,20,20,242,272
628,(bc/msnbc/00/msnbc_0004); part 022,22,0,21,21,273,287
629,(bc/msnbc/00/msnbc_0004); part 022,22,0,22,22,288,291
630,(bc/msnbc/00/msnbc_0004); part 022,22,0,23,23,292,296
631,(bc/msnbc/00/msnbc_0004); part 022,22,0,24,24,297,304
632,(bc/msnbc/00/msnbc_0004); part 022,22,0,25,25,305,324
633,(bc/msnbc/00/msnbc_0004); part 022,22,0,26,26,325,336
634,(bc/msnbc/00/msnbc_0004); part 022,22,0,27,27,337,341
635,(bc/msnbc/00/msnbc_0004); part 022,22,0,28,28,342,348
636,(bc/msnbc/00/msnbc_0004); part 022,22,0,29,29,349,350
637,(bc/msnbc/00/msnbc_0004); part 022,22,0,30,30,351,362
638,(bc/msnbc/00/msnbc_0004); part 022,22,0,31,31,363,366
639,(bc/msnbc/00/msnbc_0004); part 022,22,0,32,32,367,391
640,(bc/msnbc/00/msnbc_0004); part 022,22,0,33,33,392,393
641,(bc/msnbc/00/msnbc_0004); part 022,22,0,34,34,394,408
642,(bc/msnbc/00/msnbc_0004); part 022,22,0,35,35,409,414
643,(bc/msnbc/00/msnbc_0004); part 022,22,0,36,36,415,423
644,(bc/msnbc/00/msnbc_0004); part 022,22,0,37,37,424,432
645,(bc/msnbc/00/msnbc_0004); part 022,22,0,38,38,433,448
646,(bc/msnbc/00/msnbc_0004); part 022,22,0,39,39,449,460
647,(bc/msnbc/00/msnbc_0004); part 022,22,0,40,40,461,464
648,(bc/msnbc/00/msnbc_0004); part 022,22,0,41,41,465,472
649,(bc/msnbc/00/msnbc_0004); part 022,22,0,42,42,473,478
650,(bc/msnbc/00/msnbc_0004); part 022,22,0,43,43,479,485
651,(bc/msnbc/00/msnbc_0004); part 022,22,0,44,44,486,486
652,(bc/msnbc/00/msnbc_0004); part 022,22,0,45,45,487,494
653,(bc/msnbc/00/msnbc_0004); part 022,22,0,46,46,495,504
654,(bc/msnbc/00/msnbc_0004); part 022,22,0,47,47,505,505
655,(bc/msnbc/00/msnbc_0004); part 022,22,0,48,48,506,506
656,(bc/msnbc/00/msnbc_0004); part 022,22,0,49,49,507,512
657,(bc/phoenix/00/phoenix_0002); part 000,23,0,0,0,0,13
658,(bc/phoenix/00/phoenix_0002); part 000,23,0,1,1,14,30
659,(bc/phoenix/00/phoenix_0002); part 000,23,0,2,2,31,46
660,(bc/phoenix/00/phoenix_0002); part 000,23,0,3,3,47,57
661,(bc/phoenix/00/phoenix_0002); part 000,23,0,4,4,58,100
662,(bc/phoenix/00/phoenix_0002); part 000,23,0,5,5,101,110
663,(bc/phoenix/00/phoenix_0002); part 000,23,0,6,6,111,115
664,(bc/phoenix/00/phoenix_0002); part 000,23,0,7,7,116,170
665,(bc/phoenix/00/phoenix_0002); part 000,23,0,8,8,171,188
666,(bc/phoenix/00/phoenix_0002); part 000,23,0,9,9,189,196
667,(bc/phoenix/00/phoenix_0002); part 000,23,0,10,10,197,218
668,(bc/phoenix/00/phoenix_0002); part 000,23,0,11,11,219,236
669,(bc/phoenix/00/phoenix_0002); part 000,23,0,12,12,237,254
670,(bc/phoenix/00/phoenix_0002); part 000,23,0,13,13,255,264
671,(bc/phoenix/00/phoenix_0002); part 000,23,0,14,14,265,270
672,(bc/phoenix/00/phoenix_0002); part 000,23,0,15,15,271,278
673,(bc/phoenix/00/phoenix_0002); part 000,23,0,16,16,279,316
674,(bc/phoenix/00/phoenix_0002); part 000,23,0,17,17,317,332
675,(bc/phoenix/00/phoenix_0002); part 000,23,0,18,18,333,350
676,(bc/phoenix/00/phoenix_0002); part 000,23,0,19,19,351,370
677,(bc/phoenix/00/phoenix_0002); part 000,23,0,20,20,371,420
678,(bc/phoenix/00/phoenix_0002); part 000,23,0,21,21,421,471
679,(bc/phoenix/00/phoenix_0002); part 000,23,0,22,22,472,477
680,(bc/phoenix/00/phoenix_0002); part 000,23,0,23,23,478,496
681,(bc/phoenix/00/phoenix_0002); part 000,23,0,24,24,497,498
682,(bc/phoenix/00/phoenix_0002); part 000,23,0,25,25,499,511
683,(bc/phoenix/00/phoenix_0002); part 000,23,0,26,26,512,513
684,(bc/phoenix/00/phoenix_0002); part 000,23,0,27,27,514,525
685,(bc/phoenix/00/phoenix_0002); part 000,23,0,28,28,526,538
686,(bc/phoenix/00/phoenix_0002); part 000,23,0,29,29,539,544
687,(bc/phoenix/00/phoenix_0002); part 000,23,0,30,30,545,569
688,(bc/phoenix/00/phoenix_0002); part 000,23,0,31,31,570,579
689,(bc/phoenix/00/phoenix_0002); part 000,23,0,32,32,580,598
690,(bc/phoenix/00/phoenix_0002); part 000,23,0,33,33,599,609
691,(bc/phoenix/00/phoenix_0002); part 000,23,0,34,34,610,619
692,(bc/phoenix/00/phoenix_0002); part 000,23,0,35,35,620,628
693,(bc/phoenix/00/phoenix_0002); part 000,23,0,36,36,629,655
694,(bc/phoenix/00/phoenix_0002); part 000,23,0,37,37,656,663
695,(bc/phoenix/00/phoenix_0002); part 000,23,0,38,38,664,670
696,(bc/phoenix/00/phoenix_0002); part 000,23,0,39,39,671,680
697,(bc/phoenix/00/phoenix_0002); part 001,24,0,0,0,0,10
698,(bc/phoenix/00/phoenix_0002); part 001,24,0,1,1,11,18
699,(bc/phoenix/00/phoenix_0002); part 001,24,0,2,2,19,41
700,(bc/phoenix/00/phoenix_0002); part 001,24,0,3,3,42,65
701,(bc/phoenix/00/phoenix_0002); part 001,24,0,4,4,66,95
702,(bc/phoenix/00/phoenix_0002); part 001,24,0,5,5,96,105
703,(bc/phoenix/00/phoenix_0002); part 001,24,0,6,6,106,129
704,(bc/phoenix/00/phoenix_0002); part 001,24,0,7,7,130,146
705,(bc/phoenix/00/phoenix_0002); part 001,24,0,8,8,147,161
706,(bc/phoenix/00/phoenix_0002); part 001,24,0,9,9,162,191
707,(bc/phoenix/00/phoenix_0002); part 001,24,0,10,10,192,209
708,(bc/phoenix/00/phoenix_0002); part 001,24,0,11,11,210,224
709,(bc/phoenix/00/phoenix_0002); part 001,24,0,12,12,225,235
710,(bc/phoenix/00/phoenix_0002); part 001,24,0,13,13,236,271
711,(bc/phoenix/00/phoenix_0002); part 001,24,0,14,14,272,314
712,(bc/phoenix/00/phoenix_0002); part 001,24,0,15,15,315,351
713,(bc/phoenix/00/phoenix_0002); part 001,24,0,16,16,352,359
714,(bc/phoenix/00/phoenix_0002); part 001,24,0,17,17,360,391
715,(bc/phoenix/00/phoenix_0002); part 001,24,0,18,18,392,423
716,(bc/phoenix/00/phoenix_0002); part 001,24,0,19,19,424,438
717,(bc/phoenix/00/phoenix_0002); part 002,25,0,0,0,0,25
718,(bc/phoenix/00/phoenix_0002); part 002,25,0,1,1,26,59
719,(bc/phoenix/00/phoenix_0002); part 002,25,0,2,2,60,67
720,(bc/phoenix/00/phoenix_0002); part 002,25,0,3,3,68,79
721,(bc/phoenix/00/phoenix_0002); part 002,25,0,4,4,80,81
722,(bc/phoenix/00/phoenix_0002); part 002,25,0,5,5,82,92
723,(bc/phoenix/00/phoenix_0002); part 002,25,0,6,6,93,98
724,(bc/phoenix/00/phoenix_0002); part 002,25,0,7,7,99,100
725,(bc/phoenix/00/phoenix_0002); part 002,25,0,8,8,101,124
726,(bc/phoenix/00/phoenix_0002); part 002,25,0,9,9,125,146
727,(bc/phoenix/00/phoenix_0002); part 002,25,0,10,10,147,156
728,(bc/phoenix/00/phoenix_0002); part 002,25,0,11,11,157,173
729,(bc/phoenix/00/phoenix_0002); part 002,25,0,12,12,174,204
730,(bc/phoenix/00/phoenix_0002); part 002,25,0,13,13,205,211
731,(bc/phoenix/00/phoenix_0002); part 002,25,0,14,14,212,221
732,(bc/phoenix/00/phoenix_0002); part 002,25,0,15,15,222,236
733,(bc/phoenix/00/phoenix_0002); part 002,25,0,16,16,237,241
734,(bc/phoenix/00/phoenix_0002); part 002,25,0,17,17,242,244
735,(bc/phoenix/00/phoenix_0002); part 002,25,0,18,18,245,259
736,(bc/phoenix/00/phoenix_0002); part 002,25,0,19,19,260,269
737,(bc/phoenix/00/phoenix_0002); part 002,25,0,20,20,270,278
738,(bc/phoenix/00/phoenix_0002); part 002,25,0,21,21,279,291
739,(bc/phoenix/00/phoenix_0002); part 002,25,0,22,22,292,293
740,(bc/phoenix/00/phoenix_0002); part 002,25,0,23,23,294,306
741,(bc/phoenix/00/phoenix_0002); part 002,25,0,24,24,307,313
742,(bc/phoenix/00/phoenix_0002); part 002,25,0,25,25,314,328
743,(bc/phoenix/00/phoenix_0002); part 002,25,0,26,26,329,359
744,(bc/phoenix/00/phoenix_0002); part 002,25,0,27,27,360,388
745,(bc/phoenix/00/phoenix_0002); part 002,25,0,28,28,389,420
746,(bc/phoenix/00/phoenix_0002); part 002,25,0,29,29,421,435
747,(bc/phoenix/00/phoenix_0002); part 002,25,0,30,30,436,457
748,(bc/phoenix/00/phoenix_0002); part 002,25,0,31,31,458,507
749,(bc/phoenix/00/phoenix_0002); part 002,25,0,32,32,508,520
750,(bc/phoenix/00/phoenix_0002); part 002,25,0,33,33,521,541
751,(bc/phoenix/00/phoenix_0002); part 002,25,0,34,34,542,550
752,(bc/phoenix/00/phoenix_0002); part 002,25,0,35,35,551,564
753,(bc/phoenix/00/phoenix_0002); part 002,25,0,36,36,565,576
754,(bc/phoenix/00/phoenix_0002); part 002,25,0,37,37,577,580
755,(bc/phoenix/00/phoenix_0002); part 002,25,0,38,38,581,592
756,(bc/phoenix/00/phoenix_0002); part 002,25,0,39,39,593,597
757,(bc/phoenix/00/phoenix_0002); part 002,25,0,40,40,598,604
758,(bc/phoenix/00/phoenix_0002); part 002,25,0,41,41,605,612
759,(bc/phoenix/00/phoenix_0002); part 002,25,0,42,42,613,645
760,(bc/phoenix/00/phoenix_0002); part 002,25,0,43,43,646,647
761,(bc/phoenix/00/phoenix_0002); part 002,25,0,44,44,648,666
762,(bc/phoenix/00/phoenix_0002); part 002,25,0,45,45,667,690
763,(bc/phoenix/00/phoenix_0002); part 002,25,0,46,46,691,695
764,(bc/phoenix/00/phoenix_0002); part 002,25,0,47,47,696,713
765,(bc/phoenix/00/phoenix_0002); part 002,25,0,48,48,714,728
766,(bc/phoenix/00/phoenix_0002); part 002,25,0,49,49,729,739
767,(bc/phoenix/00/phoenix_0002); part 002,25,0,50,50,740,755
768,(bc/phoenix/00/phoenix_0002); part 002,25,0,51,51,756,772
769,(bc/phoenix/00/phoenix_0002); part 002,25,0,52,52,773,785
770,(bc/phoenix/00/phoenix_0002); part 002,25,0,53,53,786,808
771,(bc/phoenix/00/phoenix_0002); part 002,25,0,54,54,809,834
772,(bc/phoenix/00/phoenix_0002); part 002,25,0,55,55,835,850
773,(bc/phoenix/00/phoenix_0002); part 002,25,0,56,56,851,881
774,(bc/phoenix/00/phoenix_0002); part 002,25,0,57,57,882,892
775,(bc/phoenix/00/phoenix_0002); part 002,25,0,58,58,893,898
776,(bc/phoenix/00/phoenix_0002); part 002,25,0,59,59,899,916
777,(bc/phoenix/00/phoenix_0002); part 002,25,0,60,60,917,949
778,(bc/phoenix/00/phoenix_0002); part 002,25,0,61,61,950,955
779,(bc/phoenix/00/phoenix_0002); part 002,25,0,62,62,956,971
780,(bc/phoenix/00/phoenix_0002); part 002,25,0,63,63,972,1006
781,(bc/phoenix/00/phoenix_0002); part 003,26,0,0,0,0,7
782,(bc/phoenix/00/phoenix_0002); part 003,26,0,1,1,8,39
783,(bc/phoenix/00/phoenix_0002); part 003,26,0,2,2,40,53
784,(bc/phoenix/00/phoenix_0002); part 003,26,0,3,3,54,78
785,(bc/phoenix/00/phoenix_0002); part 003,26,0,4,4,79,104
786,(bc/phoenix/00/phoenix_0002); part 003,26,0,5,5,105,149
787,(bc/phoenix/00/phoenix_0002); part 003,26,0,6,6,150,151
788,(bc/phoenix/00/phoenix_0002); part 003,26,0,7,7,152,172
789,(bc/phoenix/00/phoenix_0002); part 003,26,0,8,8,173,205
790,(bc/phoenix/00/phoenix_0002); part 003,26,0,9,9,206,241
791,(bc/phoenix/00/phoenix_0002); part 003,26,0,10,10,242,253
792,(bc/phoenix/00/phoenix_0002); part 003,26,0,11,11,254,281
793,(bc/phoenix/00/phoenix_0002); part 003,26,0,12,12,282,300
794,(bc/phoenix/00/phoenix_0002); part 003,26,0,13,13,301,330
795,(bc/phoenix/00/phoenix_0002); part 003,26,0,14,14,331,341
796,(bc/phoenix/00/phoenix_0002); part 003,26,0,15,15,342,365
797,(bc/phoenix/00/phoenix_0002); part 003,26,0,16,16,366,371
798,(bc/phoenix/00/phoenix_0002); part 004,27,0,0,0,0,53
799,(bc/phoenix/00/phoenix_0002); part 004,27,0,1,1,54,87
800,(bc/phoenix/00/phoenix_0002); part 004,27,0,2,2,88,111
801,(bc/phoenix/00/phoenix_0002); part 004,27,0,3,3,112,136
802,(bc/phoenix/00/phoenix_0002); part 004,27,0,4,4,137,150
803,(bc/phoenix/00/phoenix_0002); part 004,27,0,5,5,151,179
804,(bc/phoenix/00/phoenix_0002); part 004,27,0,6,6,180,200
805,(bc/phoenix/00/phoenix_0002); part 004,27,0,7,7,201,217
806,(bc/phoenix/00/phoenix_0002); part 004,27,0,8,8,218,237
807,(bc/phoenix/00/phoenix_0002); part 004,27,0,9,9,238,265
808,(bc/phoenix/00/phoenix_0002); part 004,27,0,10,10,266,281
809,(bc/phoenix/00/phoenix_0002); part 004,27,0,11,11,282,300
810,(bc/phoenix/00/phoenix_0002); part 004,27,0,12,12,301,316
811,(bc/phoenix/00/phoenix_0002); part 004,27,0,13,13,317,348
812,(bc/phoenix/00/phoenix_0002); part 004,27,0,14,14,349,361
813,(bc/phoenix/00/phoenix_0002); part 004,27,0,15,15,362,376
814,(bc/phoenix/00/phoenix_0002); part 004,27,0,16,16,377,401
815,(bc/phoenix/00/phoenix_0002); part 004,27,0,17,17,402,441
816,(bc/phoenix/00/phoenix_0002); part 004,27,0,18,18,442,472
817,(bc/phoenix/00/phoenix_0002); part 004,27,0,19,19,473,510
818,(bc/phoenix/00/phoenix_0002); part 004,27,0,20,20,511,532
819,(bc/phoenix/00/phoenix_0002); part 004,27,0,21,21,533,542
820,(bc/phoenix/00/phoenix_0002); part 004,27,0,22,22,543,566
821,(bc/phoenix/00/phoenix_0002); part 004,27,0,23,23,567,581
822,(bc/phoenix/00/phoenix_0002); part 004,27,0,24,24,582,600
823,(bc/phoenix/00/phoenix_0002); part 004,27,0,25,25,601,616
824,(bc/phoenix/00/phoenix_0002); part 004,27,0,26,26,617,639
825,(bc/phoenix/00/phoenix_0002); part 004,27,0,27,27,640,676
826,(bc/phoenix/00/phoenix_0002); part 004,27,0,28,28,677,687
827,(bc/phoenix/00/phoenix_0002); part 004,27,0,29,29,688,715
828,(bc/phoenix/00/phoenix_0002); part 004,27,0,30,30,716,729
829,(bc/phoenix/00/phoenix_0002); part 004,27,0,31,31,730,747
830,(bc/phoenix/00/phoenix_0002); part 004,27,0,32,32,748,766
831,(bc/phoenix/00/phoenix_0002); part 004,27,0,33,33,767,785
832,(bc/phoenix/00/phoenix_0002); part 004,27,0,34,34,786,787
833,(bc/phoenix/00/phoenix_0002); part 004,27,0,35,35,788,800
834,(bc/phoenix/00/phoenix_0002); part 004,27,0,36,36,801,820
835,(bc/phoenix/00/phoenix_0002); part 004,27,0,37,37,821,846
836,(bc/phoenix/00/phoenix_0002); part 004,27,0,38,38,847,867
837,(bc/phoenix/00/phoenix_0002); part 004,27,0,39,39,868,868
838,(bc/phoenix/00/phoenix_0002); part 005,28,0,0,0,0,21
839,(bc/phoenix/00/phoenix_0002); part 005,28,0,1,1,22,45
840,(bc/phoenix/00/phoenix_0002); part 005,28,0,2,2,46,60
841,(bc/phoenix/00/phoenix_0002); part 005,28,0,3,3,61,93
842,(bc/phoenix/00/phoenix_0002); part 005,28,0,4,4,94,107
843,(bc/phoenix/00/phoenix_0002); part 005,28,0,5,5,108,147
844,(bc/phoenix/00/phoenix_0002); part 005,28,0,6,6,148,160
845,(bc/phoenix/00/phoenix_0002); part 005,28,0,7,7,161,189
846,(bc/phoenix/00/phoenix_0002); part 005,28,0,8,8,190,204
847,(bc/phoenix/00/phoenix_0002); part 005,28,0,9,9,205,221
848,(bc/phoenix/00/phoenix_0002); part 005,28,0,10,10,222,248
849,(bc/phoenix/00/phoenix_0002); part 005,28,0,11,11,249,265
850,(bc/phoenix/00/phoenix_0002); part 005,28,0,12,12,266,291
851,(bc/phoenix/00/phoenix_0002); part 005,28,0,13,13,292,307
852,(bc/phoenix/00/phoenix_0002); part 005,28,0,14,14,308,339
853,(bc/phoenix/00/phoenix_0002); part 005,28,0,15,15,340,345
854,(bc/phoenix/00/phoenix_0002); part 005,28,0,16,16,346,367
855,(bc/phoenix/00/phoenix_0002); part 005,28,0,17,17,368,382
856,(bc/phoenix/00/phoenix_0002); part 005,28,0,18,18,383,401
857,(bc/phoenix/00/phoenix_0002); part 005,28,0,19,19,402,428
858,(bc/phoenix/00/phoenix_0002); part 005,28,0,20,20,429,444
859,(bc/phoenix/00/phoenix_0002); part 005,28,0,21,21,445,451
860,(bc/phoenix/00/phoenix_0002); part 005,28,0,22,22,452,491
861,(bc/phoenix/00/phoenix_0002); part 005,28,0,23,23,492,508
862,(bc/phoenix/00/phoenix_0002); part 005,28,0,24,24,509,510
863,(bc/phoenix/00/phoenix_0002); part 005,28,0,25,25,511,518
864,(bc/phoenix/00/phoenix_0002); part 005,28,0,26,26,519,552
865,(bc/phoenix/00/phoenix_0002); part 005,28,0,27,27,553,568
866,(bc/phoenix/00/phoenix_0002); part 005,28,0,28,28,569,606
867,(bc/phoenix/00/phoenix_0002); part 005,28,0,29,29,607,618
868,(bc/phoenix/00/phoenix_0002); part 005,28,0,30,30,619,628
869,(bc/phoenix/00/phoenix_0002); part 005,28,0,31,31,629,664
870,(bc/phoenix/00/phoenix_0002); part 005,28,0,32,32,665,692
871,(bc/phoenix/00/phoenix_0002); part 005,28,0,33,33,693,705
872,(bc/phoenix/00/phoenix_0002); part 005,28,0,34,34,706,713
873,(bc/phoenix/00/phoenix_0002); part 005,28,0,35,35,714,745
874,(bc/phoenix/00/phoenix_0002); part 006,29,0,0,0,0,13
875,(bc/phoenix/00/phoenix_0002); part 006,29,0,1,1,14,38
876,(bc/phoenix/00/phoenix_0002); part 006,29,0,2,2,39,54
877,(bc/phoenix/00/phoenix_0002); part 006,29,0,3,3,55,65
878,(bc/phoenix/00/phoenix_0002); part 006,29,0,4,4,66,80
879,(bc/phoenix/00/phoenix_0002); part 006,29,0,5,5,81,94
880,(bc/phoenix/00/phoenix_0002); part 006,29,0,6,6,95,112
881,(bc/phoenix/00/phoenix_0002); part 006,29,0,7,7,113,144
882,(bc/phoenix/00/phoenix_0002); part 006,29,0,8,8,145,168
883,(bc/phoenix/00/phoenix_0002); part 006,29,0,9,9,169,176
884,(bc/phoenix/00/phoenix_0002); part 006,29,0,10,10,177,211
885,(bc/phoenix/00/phoenix_0002); part 006,29,0,11,11,212,221
886,(bc/phoenix/00/phoenix_0002); part 006,29,0,12,12,222,256
887,(bc/phoenix/00/phoenix_0002); part 006,29,0,13,13,257,294
888,(bc/phoenix/00/phoenix_0002); part 006,29,0,14,14,295,300
889,(bc/phoenix/00/phoenix_0002); part 006,29,0,15,15,301,335
890,(bc/phoenix/00/phoenix_0002); part 006,29,0,16,16,336,366
891,(bc/phoenix/00/phoenix_0002); part 006,29,0,17,17,367,397
892,(bc/phoenix/00/phoenix_0002); part 006,29,0,18,18,398,420
893,(bc/phoenix/00/phoenix_0002); part 006,29,0,19,19,421,430
894,(bc/phoenix/00/phoenix_0002); part 006,29,0,20,20,431,442
895,(bc/phoenix/00/phoenix_0002); part 006,29,0,21,21,443,486
896,(bc/phoenix/00/phoenix_0002); part 006,29,0,22,22,487,506
897,(bc/phoenix/00/phoenix_0002); part 006,29,0,23,23,507,524
898,(bc/phoenix/00/phoenix_0002); part 006,29,0,24,24,525,537
899,(bc/phoenix/00/phoenix_0002); part 006,29,0,25,25,538,567
900,(bc/phoenix/00/phoenix_0002); part 006,29,0,26,26,568,615
901,(bc/phoenix/00/phoenix_0002); part 006,29,0,27,27,616,628
902,(bc/phoenix/00/phoenix_0002); part 006,29,0,28,28,629,651
903,(bc/phoenix/00/phoenix_0002); part 006,29,0,29,29,652,657
904,(bc/phoenix/00/phoenix_0002); part 006,29,0,30,30,658,684
905,(bc/phoenix/00/phoenix_0002); part 006,29,0,31,31,685,698
906,(bc/phoenix/00/phoenix_0002); part 006,29,0,32,32,699,716
907,(bc/phoenix/00/phoenix_0002); part 006,29,0,33,33,717,767
908,(bc/phoenix/00/phoenix_0002); part 006,29,0,34,34,768,791
909,(bc/phoenix/00/phoenix_0002); part 006,29,0,35,35,792,811
910,(bn/cnn/01/cnn_0122); part 000,30,0,0,0,0,24
911,(bn/cnn/01/cnn_0122); part 000,30,0,1,1,25,55
912,(bn/cnn/01/cnn_0122); part 000,30,0,2,2,56,72
913,(bn/cnn/03/cnn_0324); part 000,31,0,0,0,0,14
914,(bn/cnn/03/cnn_0324); part 000,31,0,1,1,15,22
915,(bn/cnn/03/cnn_0324); part 000,31,0,2,2,23,56
916,(bn/cnn/03/cnn_0324); part 000,31,0,3,3,57,87
917,(bn/cnn/03/cnn_0324); part 000,31,0,4,4,88,103
918,(bn/cnn/03/cnn_0324); part 000,31,0,5,5,104,121
919,(bn/cnn/03/cnn_0324); part 000,31,0,6,6,122,125
920,(bn/cnn/03/cnn_0324); part 000,31,0,7,7,126,145
921,(bn/cnn/03/cnn_0324); part 000,31,0,8,8,146,177
922,(bn/cnn/03/cnn_0324); part 000,31,0,9,9,178,207
923,(bn/cnn/03/cnn_0324); part 000,31,0,10,10,208,218
924,(bn/cnn/03/cnn_0324); part 000,31,0,11,11,219,236
925,(bn/cnn/03/cnn_0324); part 000,31,0,12,12,237,244
926,(bn/cnn/03/cnn_0324); part 000,31,0,13,13,245,261
927,(bn/cnn/03/cnn_0324); part 000,31,0,14,14,262,300
928,(bn/cnn/03/cnn_0324); part 000,31,0,15,15,301,324
929,(bn/cnn/03/cnn_0324); part 000,31,0,16,16,325,335
930,(bn/cnn/03/cnn_0324); part 000,31,0,17,17,336,390
931,(bn/cnn/03/cnn_0324); part 000,31,0,18,18,391,414
932,(bn/cnn/03/cnn_0324); part 000,31,0,19,19,415,435
933,(bn/cnn/03/cnn_0324); part 000,31,0,20,20,436,454
934,(bn/cnn/03/cnn_0324); part 000,31,0,21,21,455,474
935,(bn/cnn/03/cnn_0324); part 000,31,0,22,22,475,507
936,(bn/cnn/03/cnn_0324); part 000,31,0,23,23,508,529
937,(bn/cnn/03/cnn_0324); part 000,31,0,24,24,530,541
938,(bn/cnn/03/cnn_0324); part 000,31,0,25,25,542,553
939,(bn/cnn/03/cnn_0324); part 000,31,0,26,26,554,596
940,(bn/cnn/03/cnn_0324); part 000,31,0,27,27,597,605
941,(bn/cnn/03/cnn_0324); part 000,31,0,28,28,606,611
942,(bn/cnn/03/cnn_0324); part 000,31,0,29,29,612,620
943,(bn/cnn/03/cnn_0324); part 000,31,0,30,30,621,639
944,(bn/cnn/03/cnn_0324); part 000,31,0,31,31,640,663
945,(bn/cnn/03/cnn_0324); part 000,31,0,32,32,664,674
946,(bn/cnn/03/cnn_0324); part 000,31,0,33,33,675,689
947,(bn/cnn/03/cnn_0324); part 000,31,0,34,34,690,699
948,(bn/cnn/03/cnn_0324); part 000,31,0,35,35,700,712
949,(bn/cnn/03/cnn_0324); part 000,31,0,36,36,713,732
950,(bn/cnn/03/cnn_0324); part 000,31,0,37,37,733,750
951,(bn/cnn/03/cnn_0324); part 000,31,0,38,38,751,767
952,(bn/cnn/03/cnn_0324); part 000,31,0,39,39,768,779
953,(bn/cnn/03/cnn_0324); part 000,31,0,40,40,780,821
954,(bn/cnn/03/cnn_0324); part 000,31,0,41,41,822,827
955,(bn/cnn/03/cnn_0324); part 000,31,0,42,42,828,834
956,(bn/cnn/03/cnn_0324); part 000,31,0,43,43,835,850
957,(bn/cnn/03/cnn_0324); part 000,31,0,44,44,851,851
958,(mz/sinorama/10/ectb_1072); part 000,32,0,0,0,0,7
959,(mz/sinorama/10/ectb_1072); part 000,32,0,1,1,8,15
960,(mz/sinorama/10/ectb_1072); part 000,32,0,2,2,16,48
961,(mz/sinorama/10/ectb_1072); part 000,32,0,3,3,49,72
962,(mz/sinorama/10/ectb_1072); part 000,32,0,4,4,73,82
963,(mz/sinorama/10/ectb_1072); part 000,32,0,5,5,83,103
964,(mz/sinorama/10/ectb_1072); part 000,32,0,6,6,104,136
965,(mz/sinorama/10/ectb_1072); part 000,32,0,7,7,137,179
966,(mz/sinorama/10/ectb_1072); part 000,32,0,8,8,180,218
967,(mz/sinorama/10/ectb_1072); part 001,33,0,0,0,0,3
968,(mz/sinorama/10/ectb_1072); part 001,33,0,1,1,4,34
969,(mz/sinorama/10/ectb_1072); part 001,33,0,2,2,35,54
970,(mz/sinorama/10/ectb_1072); part 001,33,0,3,3,55,93
971,(mz/sinorama/10/ectb_1072); part 001,33,0,4,4,94,125
972,(mz/sinorama/10/ectb_1072); part 001,33,0,5,5,126,146
973,(mz/sinorama/10/ectb_1072); part 001,33,0,6,6,147,196
974,(mz/sinorama/10/ectb_1072); part 001,33,0,7,7,197,230
975,(mz/sinorama/10/ectb_1072); part 001,33,0,8,8,231,243
976,(mz/sinorama/10/ectb_1072); part 001,33,0,9,9,244,274
977,(mz/sinorama/10/ectb_1072); part 001,33,0,10,10,275,301
978,(mz/sinorama/10/ectb_1072); part 001,33,0,11,11,302,319
979,(mz/sinorama/10/ectb_1072); part 002,34,0,0,0,0,4
980,(mz/sinorama/10/ectb_1072); part 002,34,0,1,1,5,25
981,(mz/sinorama/10/ectb_1072); part 002,34,0,2,2,26,62
982,(mz/sinorama/10/ectb_1072); part 002,34,0,3,3,63,91
983,(mz/sinorama/10/ectb_1072); part 002,34,0,4,4,92,124
984,(mz/sinorama/10/ectb_1072); part 002,34,0,5,5,125,156
985,(mz/sinorama/10/ectb_1072); part 002,34,0,6,6,157,178
986,(mz/sinorama/10/ectb_1072); part 002,34,0,7,7,179,224
987,(mz/sinorama/10/ectb_1072); part 002,34,0,8,8,225,250
988,(mz/sinorama/10/ectb_1072); part 002,34,0,9,9,251,264
989,(mz/sinorama/10/ectb_1072); part 002,34,0,10,10,265,279
990,(mz/sinorama/10/ectb_1072); part 002,34,0,11,11,280,301
991,(mz/sinorama/10/ectb_1072); part 002,34,0,12,12,302,321
992,(mz/sinorama/10/ectb_1072); part 002,34,0,13,13,322,341
993,(mz/sinorama/10/ectb_1072); part 002,34,0,14,14,342,379
994,(mz/sinorama/10/ectb_1072); part 002,34,0,15,15,380,404
995,(mz/sinorama/10/ectb_1072); part 003,35,0,0,0,0,4
996,(mz/sinorama/10/ectb_1072); part 003,35,0,1,1,5,27
997,(mz/sinorama/10/ectb_1072); part 003,35,0,2,2,28,72
998,(mz/sinorama/10/ectb_1072); part 003,35,0,3,3,73,94
999,(mz/sinorama/10/ectb_1072); part 003,35,0,4,4,95,121
1000,(mz/sinorama/10/ectb_1072); part 003,35,0,5,5,122,143
1001,(mz/sinorama/10/ectb_1072); part 003,35,0,6,6,144,173
1002,(mz/sinorama/10/ectb_1072); part 003,35,0,7,7,174,193
1003,(mz/sinorama/10/ectb_1072); part 003,35,0,8,8,194,209
1004,(mz/sinorama/10/ectb_1072); part 003,35,0,9,9,210,248
1005,(mz/sinorama/10/ectb_1072); part 003,35,0,10,10,249,275
1006,(mz/sinorama/10/ectb_1072); part 003,35,0,11,11,276,300
1007,(mz/sinorama/10/ectb_1072); part 003,35,0,12,12,301,317
1008,(mz/sinorama/10/ectb_1072); part 003,35,0,13,13,318,351
1009,(mz/sinorama/10/ectb_1072); part 003,35,0,14,14,352,379
1010,(mz/sinorama/10/ectb_1072); part 003,35,0,15,15,380,414
1011,(mz/sinorama/10/ectb_1072); part 003,35,0,16,16,415,447
1012,(mz/sinorama/10/ectb_1072); part 003,35,0,17,17,448,479
1013,(mz/sinorama/10/ectb_1072); part 003,35,0,18,18,480,481
1014,(mz/sinorama/10/ectb_1072); part 003,35,0,19,19,482,507
1015,(mz/sinorama/10/ectb_1072); part 003,35,0,20,20,508,527
1016,(mz/sinorama/10/ectb_1072); part 003,35,0,21,21,528,535
1017,(mz/sinorama/10/ectb_1074); part 000,36,0,0,0,0,12
1018,(mz/sinorama/10/ectb_1074); part 000,36,0,1,1,13,23
1019,(mz/sinorama/10/ectb_1074); part 000,36,0,2,2,24,60
1020,(mz/sinorama/10/ectb_1074); part 000,36,0,3,3,61,74
1021,(mz/sinorama/10/ectb_1074); part 000,36,0,4,4,75,89
1022,(mz/sinorama/10/ectb_1074); part 000,36,0,5,5,90,102
1023,(mz/sinorama/10/ectb_1074); part 000,36,0,6,6,103,122
1024,(mz/sinorama/10/ectb_1074); part 000,36,0,7,7,123,171
1025,(mz/sinorama/10/ectb_1074); part 000,36,0,8,8,172,189
1026,(mz/sinorama/10/ectb_1074); part 000,36,0,9,9,190,220
1027,(mz/sinorama/10/ectb_1074); part 000,36,0,10,10,221,233
1028,(mz/sinorama/10/ectb_1074); part 000,36,0,11,11,234,251
1029,(mz/sinorama/10/ectb_1074); part 000,36,0,12,12,252,269
1030,(mz/sinorama/10/ectb_1074); part 001,37,0,0,0,0,39
1031,(mz/sinorama/10/ectb_1074); part 001,37,0,1,1,40,54
1032,(mz/sinorama/10/ectb_1074); part 001,37,0,2,2,55,66
1033,(mz/sinorama/10/ectb_1074); part 001,37,0,3,3,67,99
1034,(mz/sinorama/10/ectb_1074); part 001,37,0,4,4,100,123
1035,(mz/sinorama/10/ectb_1074); part 001,37,0,5,5,124,142
1036,(mz/sinorama/10/ectb_1074); part 001,37,0,6,6,143,191
1037,(mz/sinorama/10/ectb_1074); part 001,37,0,7,7,192,208
1038,(mz/sinorama/10/ectb_1074); part 001,37,0,8,8,209,240
1039,(mz/sinorama/10/ectb_1074); part 001,37,0,9,9,241,296
1040,(mz/sinorama/10/ectb_1074); part 001,37,0,10,10,297,326
1041,(mz/sinorama/10/ectb_1074); part 001,37,0,11,11,327,346
1042,(mz/sinorama/10/ectb_1074); part 001,37,0,12,12,347,394
1043,(mz/sinorama/10/ectb_1074); part 001,37,0,13,13,395,411
1044,(mz/sinorama/10/ectb_1074); part 001,37,0,14,14,412,447
1045,(mz/sinorama/10/ectb_1074); part 001,37,0,15,15,448,470
1046,(mz/sinorama/10/ectb_1074); part 001,37,0,16,16,471,485
1047,(mz/sinorama/10/ectb_1074); part 001,37,0,17,17,486,508
1048,(mz/sinorama/10/ectb_1074); part 002,38,0,0,0,0,16
1049,(mz/sinorama/10/ectb_1074); part 002,38,0,1,1,17,59
1050,(mz/sinorama/10/ectb_1074); part 002,38,0,2,2,60,70
1051,(mz/sinorama/10/ectb_1074); part 002,38,0,3,3,71,99
1052,(mz/sinorama/10/ectb_1074); part 002,38,0,4,4,100,123
1053,(mz/sinorama/10/ectb_1074); part 002,38,0,5,5,124,140
1054,(mz/sinorama/10/ectb_1074); part 002,38,0,6,6,141,179
1055,(mz/sinorama/10/ectb_1074); part 002,38,0,7,7,180,197
1056,(mz/sinorama/10/ectb_1074); part 002,38,0,8,8,198,246
1057,(mz/sinorama/10/ectb_1074); part 002,38,0,9,9,247,289
1058,(mz/sinorama/10/ectb_1074); part 002,38,0,10,10,290,333
1059,(mz/sinorama/10/ectb_1074); part 002,38,0,11,11,334,362
1060,(mz/sinorama/10/ectb_1074); part 002,38,0,12,12,363,377
1061,(mz/sinorama/10/ectb_1074); part 002,38,0,13,13,378,400
1062,(mz/sinorama/10/ectb_1074); part 002,38,0,14,14,401,426
1063,(mz/sinorama/10/ectb_1074); part 002,38,0,15,15,427,434
1064,(mz/sinorama/10/ectb_1074); part 002,38,0,16,16,435,458
1065,(mz/sinorama/10/ectb_1074); part 002,38,0,17,17,459,460
1066,(mz/sinorama/10/ectb_1074); part 002,38,0,18,18,461,484
1067,(mz/sinorama/10/ectb_1074); part 002,38,0,19,19,485,509
1068,(mz/sinorama/10/ectb_1074); part 002,38,0,20,20,510,521
1069,(nw/wsj/10/wsj_1024); part 000,39,0,0,0,0,48
1070,(nw/wsj/10/wsj_1024); part 000,39,0,1,1,49,83
1071,(nw/wsj/10/wsj_1024); part 000,39,0,2,2,84,106
1072,(nw/wsj/10/wsj_1024); part 000,39,0,3,3,107,132
1073,(nw/wsj/10/wsj_1024); part 000,39,0,4,4,133,158
1074,(nw/xinhua/01/chtb_0192); part 000,40,0,0,0,0,15
1075,(nw/xinhua/01/chtb_0192); part 000,40,0,1,1,16,39
1076,(nw/xinhua/01/chtb_0192); part 000,40,0,2,2,40,79
1077,(nw/xinhua/01/chtb_0192); part 000,40,0,3,3,80,116
1078,(nw/xinhua/01/chtb_0192); part 000,40,0,4,4,117,159
1079,(nw/xinhua/01/chtb_0192); part 000,40,0,5,5,160,179
1080,(nw/xinhua/01/chtb_0192); part 000,40,0,6,6,180,194
1081,(wb/eng/00/eng_0012); part 000,41,0,0,0,0,3
1082,(wb/eng/00/eng_0012); part 000,41,0,1,1,4,13
1083,(wb/eng/00/eng_0012); part 000,41,0,2,2,14,32
1084,(wb/eng/00/eng_0012); part 000,41,0,3,3,33,35
1085,(wb/eng/00/eng_0012); part 000,41,0,4,4,36,64
1086,(wb/eng/00/eng_0012); part 000,41,0,5,5,65,108
1087,(wb/eng/00/eng_0012); part 000,41,0,6,6,109,120
1088,(wb/eng/00/eng_0012); part 000,41,0,7,7,121,139
1089,(wb/eng/00/eng_0012); part 000,41,0,8,8,140,181
1090,(wb/eng/00/eng_0012); part 000,41,0,9,9,182,202
1091,(wb/eng/00/eng_0012); part 000,41,0,10,10,203,212
1092,(wb/eng/00/eng_0012); part 000,41,0,11,11,213,242
1093,(wb/eng/00/eng_0012); part 000,41,0,12,12,243,300
1094,(wb/eng/00/eng_0012); part 000,41,0,13,13,301,327
1095,(wb/eng/00/eng_0012); part 000,41,0,14,14,328,358
1096,(wb/eng/00/eng_0012); part 000,41,0,15,15,359,420
1097,(wb/eng/00/eng_0012); part 000,41,0,16,16,421,433
1098,(wb/eng/00/eng_0012); part 000,41,0,17,17,434,470
1099,(wb/eng/00/eng_0012); part 000,41,0,18,18,471,502
1100,(wb/eng/00/eng_0012); part 000,41,0,19,19,503,529
1101,(wb/eng/00/eng_0012); part 000,41,0,20,20,530,566
1102,(wb/eng/00/eng_0012); part 000,41,0,21,21,567,576
1103,(wb/eng/00/eng_0012); part 000,41,0,22,22,577,590
1104,(wb/eng/00/eng_0012); part 000,41,0,23,23,591,629
1105,(wb/eng/00/eng_0012); part 000,41,0,24,24,630,659
1106,(wb/eng/00/eng_0012); part 000,41,0,25,25,660,701
1107,(wb/eng/00/eng_0012); part 000,41,0,26,26,702,722
1108,(wb/eng/00/eng_0012); part 000,41,0,27,27,723,753
1109,(wb/eng/00/eng_0012); part 000,41,0,28,28,754,780
1110,(wb/eng/00/eng_0012); part 000,41,0,29,29,781,812
1111,(wb/eng/00/eng_0012); part 000,41,0,30,30,813,843
1112,(wb/eng/00/eng_0012); part 000,41,0,31,31,844,867
1113,(wb/eng/00/eng_0012); part 000,41,0,32,32,868,891
1114,(wb/eng/00/eng_0012); part 000,41,0,33,33,892,925
1115,(wb/eng/00/eng_0012); part 000,41,0,34,34,926,976
1116,(wb/eng/00/eng_0012); part 000,41,0,35,35,977,1021
1117,(wb/eng/00/eng_0012); part 000,41,0,36,36,1022,1057
1118,(wb/eng/00/eng_0012); part 001,42,0,0,0,0,28
1119,(wb/eng/00/eng_0012); part 001,42,0,1,1,29,40
1120,(wb/eng/00/eng_0012); part 001,42,0,2,2,41,69
1121,(wb/eng/00/eng_0012); part 001,42,0,3,3,70,111
1122,(wb/eng/00/eng_0012); part 001,42,0,4,4,112,139
1123,(wb/eng/00/eng_0012); part 001,42,0,5,5,140,159
1124,(wb/eng/00/eng_0012); part 001,42,0,6,6,160,198
1125,(wb/eng/00/eng_0012); part 001,42,0,7,7,199,250
1126,(wb/eng/00/eng_0012); part 001,42,0,8,8,251,279
1127,(wb/eng/00/eng_0012); part 001,42,0,9,9,280,309
1128,(wb/eng/00/eng_0012); part 001,42,0,10,10,310,343
1129,(wb/eng/00/eng_0012); part 001,42,0,11,11,344,377
1130,(wb/eng/00/eng_0012); part 001,42,0,12,12,378,402
1131,(wb/eng/00/eng_0012); part 001,42,0,13,13,403,444
1132,(wb/eng/00/eng_0012); part 001,42,0,14,14,445,476
1133,(wb/eng/00/eng_0012); part 001,42,0,15,15,477,551
1134,(wb/eng/00/eng_0012); part 001,42,0,16,16,552,608
1135,(wb/eng/00/eng_0012); part 001,42,0,17,17,609,629
1136,(wb/eng/00/eng_0012); part 001,42,0,18,18,630,693
1137,(wb/eng/00/eng_0012); part 001,42,0,19,19,694,752
1138,(wb/eng/00/eng_0012); part 001,42,0,20,20,753,773
1139,(wb/eng/00/eng_0012); part 001,42,0,21,21,774,821
1140,(wb/eng/00/eng_0012); part 001,42,0,22,22,822,866
1141,(wb/eng/00/eng_0012); part 001,42,0,23,23,867,880
1142,(wb/eng/00/eng_0012); part 001,42,0,24,24,881,901
1143,(wb/eng/00/eng_0012); part 001,42,0,25,25,902,930
1144,(wb/eng/00/eng_0012); part 001,42,0,26,26,931,991
1145,(wb/eng/00/eng_0012); part 002,43,0,0,0,0,29
1146,(wb/eng/00/eng_0012); part 002,43,0,1,1,30,75
1147,(wb/eng/00/eng_0012); part 002,43,0,2,2,76,112
1148,(wb/eng/00/eng_0012); part 002,43,0,3,3,113,165
1149,(wb/eng/00/eng_0012); part 002,43,0,4,4,166,189
1150,(wb/eng/00/eng_0012); part 002,43,0,5,5,190,230
1151,(wb/eng/00/eng_0012); part 002,43,0,6,6,231,317
1152,(wb/eng/00/eng_0012); part 002,43,0,7,7,318,321
1153,(wb/eng/00/eng_0012); part 002,43,0,8,8,322,337
1154,(wb/eng/00/eng_0012); part 002,43,0,9,9,338,370
1155,(wb/eng/00/eng_0012); part 002,43,0,10,10,371,394
1156,(wb/eng/00/eng_0012); part 002,43,0,11,11,395,408
1157,(wb/eng/00/eng_0012); part 002,43,0,12,12,409,419
1158,(wb/eng/00/eng_0012); part 002,43,0,13,13,420,430
1159,(wb/eng/00/eng_0012); part 002,43,0,14,14,431,441
1160,(wb/eng/00/eng_0012); part 002,43,0,15,15,442,479
1161,(wb/eng/00/eng_0012); part 002,43,0,16,16,480,495
1162,(wb/eng/00/eng_0012); part 002,43,0,17,17,496,524
1163,(wb/eng/00/eng_0012); part 002,43,0,18,18,525,542
1164,(wb/eng/00/eng_0012); part 002,43,0,19,19,543,551
1165,(wb/eng/00/eng_0012); part 002,43,0,20,20,552,554
1166,(wb/eng/00/eng_0012); part 002,43,0,21,21,555,562
1167,(wb/eng/00/eng_0012); part 002,43,0,22,22,563,576
1168,(wb/eng/00/eng_0012); part 002,43,0,23,23,577,596
1169,(wb/eng/00/eng_0012); part 002,43,0,24,24,597,613
1170,(wb/eng/00/eng_0012); part 002,43,0,25,25,614,636
1171,(wb/eng/00/eng_0012); part 002,43,0,26,26,637,646
1172,(wb/eng/00/eng_0012); part 002,43,0,27,27,647,661
1173,(wb/eng/00/eng_0012); part 002,43,0,28,28,662,725
1174,(wb/eng/00/eng_0012); part 002,43,0,29,29,726,743
1175,(wb/eng/00/eng_0012); part 002,43,0,30,30,744,752
1176,(wb/eng/00/eng_0012); part 002,43,0,31,31,753,762
1177,(wb/eng/00/eng_0012); part 002,43,0,32,32,763,770
1178,(wb/eng/00/eng_0012); part 002,43,0,33,33,771,788
1179,(wb/eng/00/eng_0012); part 002,43,0,34,34,789,795
1180,(wb/eng/00/eng_0012); part 002,43,0,35,35,796,802
1181,(wb/eng/00/eng_0012); part 002,43,0,36,36,803,826
1182,(wb/eng/00/eng_0012); part 002,43,0,37,37,827,851
1183,(wb/eng/00/eng_0012); part 002,43,0,38,38,852,874
1184,(wb/eng/00/eng_0012); part 002,43,0,39,39,875,914
1185,(wb/eng/00/eng_0012); part 002,43,0,40,40,915,939
1186,(wb/eng/00/eng_0012); part 002,43,0,41,41,940,966
1187,(wb/eng/00/eng_0012); part 003,44,0,0,0,0,20
1188,(wb/eng/00/eng_0012); part 003,44,0,1,1,21,47
1189,(wb/eng/00/eng_0012); part 003,44,0,2,2,48,95
1190,(wb/eng/00/eng_0012); part 003,44,0,3,3,96,144
1191,(wb/eng/00/eng_0012); part 003,44,0,4,4,145,178
1192,(wb/eng/00/eng_0012); part 003,44,0,5,5,179,210
1193,(wb/eng/00/eng_0012); part 003,44,0,6,6,211,226
1194,(wb/eng/00/eng_0012); part 003,44,0,7,7,227,262
1195,(wb/eng/00/eng_0012); part 003,44,0,8,8,263,270
1196,(wb/eng/00/eng_0012); part 003,44,0,9,9,271,283
1197,(wb/eng/00/eng_0012); part 003,44,0,10,10,284,296
1198,(wb/eng/00/eng_0012); part 003,44,0,11,11,297,306
1199,(wb/eng/00/eng_0012); part 003,44,0,12,12,307,315
1200,(wb/eng/00/eng_0012); part 003,44,0,13,13,316,330
1201,(wb/eng/00/eng_0012); part 003,44,0,14,14,331,362
1202,(wb/eng/00/eng_0012); part 003,44,0,15,15,363,412
1203,(wb/eng/00/eng_0012); part 003,44,0,16,16,413,450
1204,(wb/eng/00/eng_0012); part 003,44,0,17,17,451,482
1205,(wb/eng/00/eng_0012); part 003,44,0,18,18,483,499
1206,(wb/eng/00/eng_0012); part 003,44,0,19,19,500,566
1207,(wb/eng/00/eng_0012); part 003,44,0,20,20,567,579
1208,(wb/eng/00/eng_0012); part 003,44,0,21,21,580,599
1209,(wb/eng/00/eng_0012); part 003,44,0,22,22,600,611
1210,(wb/eng/00/eng_0012); part 003,44,0,23,23,612,620
1211,(wb/eng/00/eng_0012); part 003,44,0,24,24,621,634
1212,(wb/eng/00/eng_0012); part 003,44,0,25,25,635,675
1213,(wb/eng/00/eng_0012); part 003,44,0,26,26,676,692
1214,(wb/eng/00/eng_0014); part 000,45,0,0,0,0,8
1215,(wb/eng/00/eng_0014); part 000,45,0,1,1,9,15
1216,(wb/eng/00/eng_0014); part 000,45,0,2,2,16,19
1217,(wb/eng/00/eng_0014); part 000,45,0,3,3,20,40
1218,(wb/eng/00/eng_0014); part 000,45,0,4,4,41,69
1219,(wb/eng/00/eng_0014); part 000,45,0,5,5,70,79
1220,(wb/eng/00/eng_0014); part 000,45,0,6,6,80,98
1221,(wb/eng/00/eng_0014); part 000,45,0,7,7,99,116
1222,(wb/eng/00/eng_0014); part 000,45,0,8,8,117,167
1223,(wb/eng/00/eng_0014); part 000,45,0,9,9,168,189
1224,(wb/eng/00/eng_0014); part 000,45,0,10,10,190,235
1225,(wb/eng/00/eng_0014); part 000,45,0,11,11,236,260
1226,(wb/eng/00/eng_0014); part 000,45,0,12,12,261,287
1227,(wb/eng/00/eng_0014); part 000,45,0,13,13,288,301
1228,(wb/eng/00/eng_0014); part 000,45,0,14,14,302,330
1229,(wb/eng/00/eng_0014); part 000,45,0,15,15,331,353
1230,(wb/eng/00/eng_0014); part 000,45,0,16,16,354,407
1231,(wb/eng/00/eng_0014); part 000,45,0,17,17,408,429
1232,(wb/eng/00/eng_0014); part 000,45,0,18,18,430,451
1233,(wb/eng/00/eng_0014); part 000,45,0,19,19,452,466
1234,(wb/eng/00/eng_0014); part 000,45,0,20,20,467,479
1235,(wb/eng/00/eng_0014); part 000,45,0,21,21,480,485
1236,(wb/eng/00/eng_0014); part 000,45,0,22,22,486,509
1237,(wb/eng/00/eng_0014); part 000,45,0,23,23,510,553
1238,(wb/eng/00/eng_0014); part 000,45,0,24,24,554,582
1239,(wb/eng/00/eng_0014); part 000,45,0,25,25,583,645
1240,(wb/eng/00/eng_0014); part 000,45,0,26,26,646,656
1241,(wb/eng/00/eng_0014); part 000,45,0,27,27,657,693
1242,(wb/eng/00/eng_0014); part 000,45,0,28,28,694,708
1243,(wb/eng/00/eng_0014); part 000,45,0,29,29,709,735
1244,(wb/eng/00/eng_0014); part 000,45,0,30,30,736,772
1245,(wb/eng/00/eng_0014); part 000,45,0,31,31,773,790
1246,(wb/eng/00/eng_0014); part 000,45,0,32,32,791,813
1247,(wb/eng/00/eng_0014); part 000,45,0,33,33,814,840
1248,(wb/eng/00/eng_0014); part 000,45,0,34,34,841,864
1249,(wb/eng/00/eng_0014); part 000,45,0,35,35,865,902
1250,(wb/eng/00/eng_0014); part 000,45,0,36,36,903,928
1251,(wb/eng/00/eng_0014); part 000,45,0,37,37,929,938
1252,(wb/eng/00/eng_0014); part 000,45,0,38,38,939,965
1253,(wb/eng/00/eng_0014); part 000,45,0,39,39,966,981
1254,(wb/eng/00/eng_0014); part 000,45,0,40,40,982,991
1255,(wb/eng/00/eng_0014); part 000,45,0,41,41,992,1037
1256,(wb/eng/00/eng_0014); part 001,46,0,0,0,0,12
1257,(wb/eng/00/eng_0014); part 001,46,0,1,1,13,27
1258,(wb/eng/00/eng_0014); part 001,46,0,2,2,28,58
1259,(wb/eng/00/eng_0014); part 001,46,0,3,3,59,72
1260,(wb/eng/00/eng_0014); part 001,46,0,4,4,73,118
1261,(wb/eng/00/eng_0014); part 001,46,0,5,5,119,160
1262,(wb/eng/00/eng_0014); part 001,46,0,6,6,161,200
1263,(wb/eng/00/eng_0014); part 001,46,0,7,7,201,219
1264,(wb/eng/00/eng_0014); part 001,46,0,8,8,220,229
1265,(wb/eng/00/eng_0014); part 001,46,0,9,9,230,291
1266,(wb/eng/00/eng_0014); part 001,46,0,10,10,292,310
1267,(wb/eng/00/eng_0014); part 001,46,0,11,11,311,320
1268,(wb/eng/00/eng_0014); part 001,46,0,12,12,321,327
1269,(wb/eng/00/eng_0014); part 001,46,0,13,13,328,335
1270,(wb/eng/00/eng_0014); part 001,46,0,14,14,336,347
1271,(wb/eng/00/eng_0014); part 001,46,0,15,15,348,362
1272,(wb/eng/00/eng_0014); part 001,46,0,16,16,363,373
1273,(wb/eng/00/eng_0014); part 001,46,0,17,17,374,404
1274,(wb/eng/00/eng_0014); part 001,46,0,18,18,405,419
1275,(wb/eng/00/eng_0014); part 001,46,0,19,19,420,424
1276,(wb/eng/00/eng_0014); part 001,46,0,20,20,425,443
1277,(wb/eng/00/eng_0014); part 001,46,0,21,21,444,456
1278,(wb/eng/00/eng_0014); part 001,46,0,22,22,457,464
1279,(wb/eng/00/eng_0014); part 001,46,0,23,23,465,468
1280,(wb/eng/00/eng_0014); part 001,46,0,24,24,469,494
1281,(wb/eng/00/eng_0014); part 001,46,0,25,25,495,510
1282,(wb/eng/00/eng_0014); part 001,46,0,26,26,511,533
1283,(wb/eng/00/eng_0014); part 001,46,0,27,27,534,541
1284,(wb/eng/00/eng_0014); part 001,46,0,28,28,542,553
1285,(wb/eng/00/eng_0014); part 001,46,0,29,29,554,566
1286,(wb/eng/00/eng_0014); part 001,46,0,30,30,567,572
1287,(wb/eng/00/eng_0014); part 001,46,0,31,31,573,580
1288,(wb/eng/00/eng_0014); part 001,46,0,32,32,581,597
1289,(wb/eng/00/eng_0014); part 001,46,0,33,33,598,640
1290,(wb/eng/00/eng_0014); part 001,46,0,34,34,641,653
1291,(wb/eng/00/eng_0014); part 001,46,0,35,35,654,670
1292,(wb/eng/00/eng_0014); part 001,46,0,36,36,671,706
1293,(wb/eng/00/eng_0014); part 001,46,0,37,37,707,711
1294,(wb/eng/00/eng_0014); part 001,46,0,38,38,712,732
1295,(wb/eng/00/eng_0014); part 001,46,0,39,39,733,764
1296,(wb/eng/00/eng_0014); part 001,46,0,40,40,765,778
1297,(wb/eng/00/eng_0014); part 001,46,0,41,41,779,827
1298,(wb/eng/00/eng_0014); part 001,46,0,42,42,828,842
1299,(wb/eng/00/eng_0014); part 001,46,0,43,43,843,861
1300,(wb/eng/00/eng_0014); part 001,46,0,44,44,862,888
1301,(wb/eng/00/eng_0014); part 001,46,0,45,45,889,907
1302,(wb/eng/00/eng_0014); part 001,46,0,46,46,908,948
1303,(wb/eng/00/eng_0014); part 001,46,0,47,47,949,1011
1304,(wb/eng/00/eng_0014); part 002,47,0,0,0,0,16
1305,(wb/eng/00/eng_0014); part 002,47,0,1,1,17,39
1306,(wb/eng/00/eng_0014); part 002,47,0,2,2,40,54
1307,(wb/eng/00/eng_0014); part 002,47,0,3,3,55,83
1308,(wb/eng/00/eng_0014); part 002,47,0,4,4,84,112
1309,(wb/eng/00/eng_0014); part 002,47,0,5,5,113,143
1310,(wb/eng/00/eng_0014); part 002,47,0,6,6,144,155
1311,(wb/eng/00/eng_0014); part 002,47,0,7,7,156,177
1312,(wb/eng/00/eng_0014); part 002,47,0,8,8,178,215
1313,(wb/eng/00/eng_0014); part 002,47,0,9,9,216,248
1314,(wb/eng/00/eng_0014); part 002,47,0,10,10,249,299
1315,(wb/eng/00/eng_0014); part 002,47,0,11,11,300,330
1316,(wb/eng/00/eng_0014); part 002,47,0,12,12,331,344
1317,(wb/eng/00/eng_0014); part 002,47,0,13,13,345,375
1318,(wb/eng/00/eng_0014); part 002,47,0,14,14,376,397
1319,(wb/eng/00/eng_0014); part 002,47,0,15,15,398,431
1320,(wb/eng/00/eng_0014); part 002,47,0,16,16,432,452
1321,(wb/eng/00/eng_0014); part 002,47,0,17,17,453,481
1322,(wb/eng/00/eng_0014); part 002,47,0,18,18,482,529
1323,(wb/eng/00/eng_0014); part 002,47,0,19,19,530,534
1324,(wb/eng/00/eng_0014); part 002,47,0,20,20,535,553
1325,(wb/eng/00/eng_0014); part 002,47,0,21,21,554,578
1326,(wb/eng/00/eng_0014); part 002,47,0,22,22,579,589
1327,(wb/eng/00/eng_0014); part 002,47,0,23,23,590,611
1328,(wb/eng/00/eng_0014); part 002,47,0,24,24,612,622
1329,(wb/eng/00/eng_0014); part 002,47,0,25,25,623,636
1330,(wb/eng/00/eng_0014); part 002,47,0,26,26,637,653
1331,(wb/eng/00/eng_0014); part 002,47,0,27,27,654,671
1332,(wb/eng/00/eng_0014); part 002,47,0,28,28,672,693
1333,(wb/eng/00/eng_0014); part 002,47,0,29,29,694,743
1334,(wb/eng/00/eng_0014); part 002,47,0,30,30,744,773
1335,(wb/eng/00/eng_0014); part 002,47,0,31,31,774,781
1336,(wb/eng/00/eng_0014); part 002,47,0,32,32,782,799
1337,(wb/eng/00/eng_0014); part 002,47,0,33,33,800,819
1338,(wb/eng/00/eng_0014); part 002,47,0,34,34,820,842
1339,(wb/eng/00/eng_0014); part 002,47,0,35,35,843,862
1340,(wb/eng/00/eng_0014); part 002,47,0,36,36,863,875
1341,(wb/eng/00/eng_0014); part 002,47,0,37,37,876,928
1342,(wb/eng/00/eng_0014); part 002,47,0,38,38,929,961
1343,(wb/eng/00/eng_0014); part 002,47,0,39,39,962,976
1344,(wb/eng/00/eng_0014); part 002,47,0,40,40,977,991
1345,(wb/eng/00/eng_0014); part 002,47,0,41,41,992,1020
1346,(wb/eng/00/eng_0014); part 002,47,0,42,42,1021,1047
1347,(wb/eng/00/eng_0014); part 003,48,0,0,0,0,18
1348,(wb/eng/00/eng_0014); part 003,48,0,1,1,19,30
1349,(wb/eng/00/eng_0014); part 003,48,0,2,2,31,37
1350,(wb/eng/00/eng_0014); part 003,48,0,3,3,38,49
1351,(wb/eng/00/eng_0014); part 003,48,0,4,4,50,76
1352,(wb/eng/00/eng_0014); part 003,48,0,5,5,77,97
1353,(wb/eng/00/eng_0014); part 003,48,0,6,6,98,133
1354,(wb/eng/00/eng_0014); part 003,48,0,7,7,134,146
1355,(wb/eng/00/eng_0014); part 003,48,0,8,8,147,183
1356,(wb/eng/00/eng_0014); part 003,48,0,9,9,184,190
1357,(wb/eng/00/eng_0014); part 003,48,0,10,10,191,205
1358,(wb/eng/00/eng_0014); part 003,48,0,11,11,206,220
1359,(wb/eng/00/eng_0014); part 003,48,0,12,12,221,231
1360,(wb/eng/00/eng_0014); part 003,48,0,13,13,232,256
1361,(wb/eng/00/eng_0014); part 003,48,0,14,14,257,267
1362,(wb/eng/00/eng_0014); part 003,48,0,15,15,268,279
1363,(wb/eng/00/eng_0014); part 003,48,0,16,16,280,285
